article,is_tk,is_han,name_id,is_engi
曹霖,TRUE,FALSE,曹霖,FALSE
何苗,TRUE,TRUE,何苗,FALSE
典満,TRUE,FALSE,典満,FALSE
呂乂,TRUE,FALSE,呂乂,FALSE
呂曠,TRUE,FALSE,呂曠,FALSE
呉蘭,TRUE,FALSE,呉蘭,FALSE
周羣,TRUE,FALSE,周羣,FALSE
周舒,TRUE,FALSE,周舒,FALSE
孫皎,TRUE,FALSE,孫皎,FALSE
張虎,TRUE,TRUE,張虎,FALSE
曹彪,TRUE,FALSE,曹彪,FALSE
曹鑠,TRUE,FALSE,曹鑠,FALSE
李密_(蜀),TRUE,FALSE,李密,FALSE
楊洪,TRUE,FALSE,楊洪,FALSE
申耽,TRUE,FALSE,申耽,FALSE
留略,TRUE,FALSE,留略,FALSE
程秉,TRUE,FALSE,程秉,FALSE
許儀,TRUE,FALSE,許儀,FALSE
許慈,TRUE,FALSE,許慈,FALSE
鄒靖,TRUE,TRUE,鄒靖,FALSE
閻温,TRUE,FALSE,閻温,FALSE
韓猛,TRUE,FALSE,韓猛,FALSE
劉和_(後漢),TRUE,FALSE,劉和,FALSE
呉匡,TRUE,FALSE,呉匡,FALSE
曹據,TRUE,FALSE,曹據,FALSE
曹纂,TRUE,FALSE,曹纂,FALSE
李簡,TRUE,FALSE,李簡,FALSE
杜畿,TRUE,FALSE,杜畿,FALSE
楊阜,TRUE,FALSE,楊阜,FALSE
石徳林,TRUE,FALSE,石徳林,FALSE
陸瑁,TRUE,FALSE,陸瑁,FALSE
丘力居,TRUE,FALSE,丘力居,FALSE
公孫晃,TRUE,FALSE,公孫晃,FALSE
劉元起,TRUE,TRUE,劉元起,FALSE
周旨,TRUE,FALSE,周旨,FALSE
孫盛_(三国志),TRUE,FALSE,孫盛,FALSE
蒋斌,TRUE,FALSE,蒋斌,FALSE
蒋顕,TRUE,FALSE,蒋顕,FALSE
徐幹,TRUE,FALSE,徐幹,FALSE
戴員,TRUE,TRUE,戴員,FALSE
満偉,TRUE,FALSE,満偉,FALSE
満奮,TRUE,FALSE,満奮,FALSE
満長武,TRUE,FALSE,満長武,FALSE
焦和,TRUE,FALSE,焦和,FALSE
紀陟,TRUE,FALSE,紀陟,FALSE
趙氏,TRUE,FALSE,趙氏,FALSE
趙直,TRUE,FALSE,趙直,FALSE
韋晃,TRUE,FALSE,韋晃,FALSE
郭馬,TRUE,FALSE,郭馬,FALSE
張横_(後漢),TRUE,FALSE,張横,FALSE
敬哀皇后張氏,TRUE,FALSE,敬哀皇后,FALSE
文徳皇后郭氏,TRUE,FALSE,郭皇后,FALSE
文昭皇后甄氏,TRUE,FALSE,甄氏,FALSE
穆皇后呉氏,TRUE,FALSE,穆皇后,FALSE
邯鄲淳,TRUE,FALSE,邯鄲淳,FALSE
張皇后_(劉禅),TRUE,FALSE,張皇后,FALSE
丁固,TRUE,FALSE,丁固,FALSE
小喬,TRUE,FALSE,小橋,FALSE
殷観,TRUE,FALSE,殷観,FALSE
程咨,TRUE,FALSE,程咨,FALSE
侯音,TRUE,FALSE,侯音,FALSE
劉岱_(小沛),TRUE,FALSE,劉岱,FALSE
劉瑁,TRUE,FALSE,劉瑁,FALSE
劉範,TRUE,FALSE,劉範,FALSE
劉辟,TRUE,FALSE,劉辟,FALSE
張達,TRUE,FALSE,張達,FALSE
張震_(孫呉),TRUE,FALSE,張震,FALSE
曹袞,TRUE,FALSE,曹袞,FALSE
李蒙,TRUE,FALSE,李蒙,FALSE
杜襲,TRUE,FALSE,杜襲,FALSE
桓階,TRUE,FALSE,桓階,FALSE
楊白,TRUE,FALSE,楊白,FALSE
王方,TRUE,FALSE,王方,FALSE
管亥,TRUE,FALSE,管亥,FALSE
綸直,TRUE,FALSE,綸直,FALSE
臧洪,TRUE,FALSE,臧洪,FALSE
范彊,TRUE,FALSE,范彊,FALSE
蒋義渠,TRUE,FALSE,蒋義渠,FALSE
袁隗,TRUE,TRUE,袁隗,FALSE
丘建,TRUE,FALSE,丘建,FALSE
何植,TRUE,FALSE,何植,FALSE
俄何焼戈,TRUE,FALSE,俄何焼戈,FALSE
唐咨,TRUE,FALSE,唐咨,FALSE
州泰,TRUE,FALSE,州泰,FALSE
師簒,TRUE,FALSE,師簒,FALSE
張特,TRUE,FALSE,張特,FALSE
朱讃,TRUE,FALSE,朱讃,FALSE
田続,TRUE,FALSE,田続,FALSE
迷当,TRUE,FALSE,迷当,FALSE
黄承彦,TRUE,FALSE,黄承彦,FALSE
劉基_(呉),TRUE,FALSE,劉基,FALSE
呉景,TRUE,TRUE,呉景,FALSE
大喬,TRUE,FALSE,大喬,FALSE
孫壱,TRUE,FALSE,孫壱,FALSE
孫夫人,TRUE,FALSE,孫夫人,FALSE
孫奉,TRUE,FALSE,孫奉,FALSE
岑昏,TRUE,FALSE,岑昏,FALSE
張梁,TRUE,TRUE,張梁,FALSE
李通_(文達),TRUE,FALSE,李通,FALSE
蔡エン,TRUE,TRUE,蔡琰,FALSE
諸葛玄,TRUE,FALSE,諸葛玄,FALSE
鄭玄,TRUE,TRUE,鄭玄,FALSE
陳祗,TRUE,FALSE,陳祗,FALSE
雍ガイ,TRUE,FALSE,雍闓,FALSE
魏諷,TRUE,FALSE,魏諷,FALSE
于糜,TRUE,FALSE,于糜,FALSE
厳綱,TRUE,FALSE,厳綱,FALSE
呂威コウ,TRUE,FALSE,呂威璜,FALSE
呂布,TRUE,TRUE,呂布,FALSE
夏侯儒,TRUE,FALSE,夏侯儒,FALSE
孟光,TRUE,FALSE,孟光,FALSE
宗預,TRUE,FALSE,宗預,FALSE
張裔,TRUE,FALSE,張裔,FALSE
李セン,TRUE,FALSE,李譔,FALSE
杜微,TRUE,FALSE,杜微,FALSE
杜瓊,TRUE,FALSE,杜瓊,FALSE
来敏,TRUE,FALSE,来敏,FALSE
楊戯,TRUE,FALSE,楊戯,FALSE
楽チン,TRUE,FALSE,楽綝,FALSE
趙範,TRUE,FALSE,趙範,FALSE
陸機,TRUE,FALSE,陸機,FALSE
雷銅,TRUE,FALSE,雷銅,FALSE
馬休,TRUE,FALSE,馬休,FALSE
馬遵,TRUE,FALSE,馬遵,FALSE
馬鉄,TRUE,FALSE,馬鉄,FALSE
劉エン_(威碩),TRUE,FALSE,劉琰,FALSE
劉延,TRUE,FALSE,劉延,FALSE
劉放,TRUE,FALSE,劉放,FALSE
劉璋,TRUE,TRUE,劉璋,FALSE
劉闡,TRUE,FALSE,劉闡,FALSE
去卑,TRUE,FALSE,去卑,FALSE
夏侯令女,TRUE,FALSE,夏侯令女,FALSE
夏侯献,TRUE,FALSE,夏侯献,FALSE
孫河,TRUE,TRUE,孫河,FALSE
張表,TRUE,FALSE,張表,FALSE
彭ヨウ,TRUE,FALSE,彭羕,FALSE
成宜,TRUE,FALSE,成宜,FALSE
曹嵩,TRUE,TRUE,曹嵩,FALSE
朱褒,TRUE,FALSE,朱褒,FALSE
李堪,TRUE,FALSE,李堪,FALSE
李福,TRUE,FALSE,李福,FALSE
李驤,TRUE,FALSE,李驤,FALSE
梁興,TRUE,FALSE,梁興,FALSE
楊秋,TRUE,FALSE,楊秋,FALSE
焦触,TRUE,FALSE,焦触,FALSE
盧毓,TRUE,FALSE,盧毓,FALSE
趙累,TRUE,FALSE,趙累,FALSE
郭援,TRUE,FALSE,郭援,FALSE
閻圃,TRUE,FALSE,閻圃,FALSE
韓綜,TRUE,FALSE,韓綜,FALSE
高定,TRUE,FALSE,高定,FALSE
キョウ都,TRUE,FALSE,龔都,FALSE
スイ固,TRUE,TRUE,眭固,FALSE
ホウ徳公,TRUE,FALSE,龐徳公,FALSE
劉カイ,TRUE,FALSE,劉璝,FALSE
劉誕,TRUE,FALSE,劉誕,FALSE
句扶,TRUE,FALSE,句扶,FALSE
史渙,TRUE,FALSE,史渙,FALSE
呂公,TRUE,FALSE,呂公,FALSE
呉綱,TRUE,FALSE,呉綱,FALSE
張温_(後漢),TRUE,TRUE,張温,FALSE
曹林,TRUE,FALSE,曹林,FALSE
曹楷,TRUE,FALSE,曹楷,FALSE
樊能,TRUE,FALSE,樊能,FALSE
清河長公主,TRUE,FALSE,清河長公主,FALSE
王連,TRUE,FALSE,王連,FALSE
許貢,TRUE,TRUE,許貢,FALSE
費立,TRUE,FALSE,費立,FALSE
陳生,TRUE,FALSE,陳生,FALSE
公孫範,TRUE,FALSE,公孫範,FALSE
周循,TRUE,FALSE,周循,FALSE
尹礼,TRUE,FALSE,尹礼,FALSE
曹チョ,TRUE,FALSE,曹攄,FALSE
曹肇,TRUE,FALSE,曹肇,FALSE
沈瑩,TRUE,FALSE,沈瑩,FALSE
田楷,TRUE,FALSE,田楷,FALSE
衛演,TRUE,FALSE,衛演,FALSE
馬忠_(孫呉),TRUE,FALSE,馬忠,FALSE
馬忠_(蜀漢),TRUE,FALSE,馬忠,FALSE
黄邵,TRUE,FALSE,黄邵,FALSE
カン丘甸,TRUE,FALSE,毌丘甸,FALSE
呼廚泉,TRUE,FALSE,呼廚泉,FALSE
夏侯徽,TRUE,FALSE,夏侯徽,FALSE
尹賞,TRUE,FALSE,尹賞,FALSE
曹冏,TRUE,FALSE,曹冏,FALSE
曹冏_(皇子),TRUE,FALSE,曹冏,FALSE
檀石槐,TRUE,TRUE,檀石槐,FALSE
胡遵,TRUE,FALSE,胡遵,FALSE
董白,TRUE,FALSE,董白,FALSE
張翼,TRUE,FALSE,張翼,FALSE
曹徳,TRUE,FALSE,曹徳,FALSE
曹志,TRUE,FALSE,曹志,FALSE
曹邵,TRUE,FALSE,曹邵,FALSE
温恢,TRUE,FALSE,温恢,FALSE
董襲,TRUE,FALSE,董襲,FALSE
諸葛京,TRUE,FALSE,諸葛京,FALSE
劉馥,TRUE,FALSE,劉馥,FALSE
吉本_(後漢),TRUE,FALSE,吉本,FALSE
和連,TRUE,FALSE,和連,FALSE
夏舎,TRUE,FALSE,夏舎,FALSE
孫羌,TRUE,FALSE,孫羌,FALSE
孫邵,TRUE,FALSE,孫邵,FALSE
宋謙,TRUE,FALSE,宋謙,FALSE
崔烈,TRUE,TRUE,崔烈,FALSE
張曼成,TRUE,TRUE,張曼成,FALSE
徐コン,TRUE,TRUE,徐琨,FALSE
明元皇后郭氏,TRUE,FALSE,郭皇后,FALSE
杜恕,TRUE,FALSE,杜恕,FALSE
柯吾,TRUE,FALSE,柯吾,FALSE
橋ズイ,TRUE,FALSE,橋蕤,FALSE
治無載,TRUE,FALSE,治無載,FALSE
芒中,TRUE,FALSE,芒中,FALSE
荀爽,TRUE,TRUE,荀爽,FALSE
于毒,TRUE,FALSE,于毒,FALSE
単経,TRUE,FALSE,単経,FALSE
武宣皇后卞氏,TRUE,FALSE,卞氏,FALSE
段ワイ,TRUE,TRUE,段煨,FALSE
趙昂,TRUE,FALSE,趙昂,FALSE
鄒丹,TRUE,FALSE,鄒丹,FALSE
カク萌,TRUE,FALSE,郝萌,FALSE
トウ義,TRUE,FALSE,鄧義,FALSE
トウ賢,TRUE,FALSE,鄧賢,FALSE
トウ龍,TRUE,FALSE,鄧龍,FALSE
任岐,TRUE,FALSE,任岐,FALSE
冷苞,TRUE,FALSE,冷苞,FALSE
劉先,TRUE,FALSE,劉先,FALSE
劉磐,TRUE,FALSE,劉磐,FALSE
呉敦,TRUE,FALSE,呉敦,FALSE
周ヒ,TRUE,FALSE,周毖,FALSE
周慎,TRUE,FALSE,周慎,FALSE
孫奮,TRUE,FALSE,孫奮,FALSE
孫慮,TRUE,FALSE,孫慮,FALSE
孫観,TRUE,FALSE,孫観,FALSE
宋忠,TRUE,FALSE,宋忠,FALSE
左霊,TRUE,FALSE,左霊,FALSE
張ギ,TRUE,FALSE,張顗,FALSE
張恭,TRUE,TRUE,張恭,FALSE
張範,TRUE,FALSE,張範,FALSE
張超_(広陵太守),TRUE,FALSE,張超,FALSE
成公英,TRUE,FALSE,成公英,FALSE
成廉,TRUE,FALSE,成廉,FALSE
昌キ,TRUE,FALSE,昌豨,FALSE
李孚,TRUE,FALSE,李孚,FALSE
李暹,TRUE,TRUE,李暹,FALSE
李楽,TRUE,TRUE,李楽,FALSE
李豊_(後漢),TRUE,FALSE,李豊,FALSE
梁綱,TRUE,FALSE,梁綱,FALSE
梁緒,TRUE,FALSE,梁緒,FALSE
梅成,TRUE,FALSE,梅成,FALSE
楊キ,TRUE,FALSE,楊琦,FALSE
楊定_(後漢),TRUE,TRUE,楊定,FALSE
楊密,TRUE,FALSE,楊密,FALSE
楽就,TRUE,FALSE,楽就,FALSE
王昌_(後漢),TRUE,FALSE,王昌,FALSE
王楷,TRUE,FALSE,王楷,FALSE
皇甫リ,TRUE,FALSE,皇甫酈,FALSE
秦宜禄,TRUE,FALSE,秦宜禄,FALSE
胡才,TRUE,TRUE,胡才,FALSE
董コウ,TRUE,FALSE,董璜,FALSE
蕭建,TRUE,FALSE,蕭建,FALSE
薛洪,TRUE,FALSE,薛洪,FALSE
薛礼,TRUE,FALSE,薛礼,FALSE
袁渙,TRUE,FALSE,袁渙,FALSE
許シ,TRUE,FALSE,許汜,FALSE
諸葛直,TRUE,FALSE,諸葛直,FALSE
陰キ,TRUE,FALSE,陰夔,FALSE
陸胤,TRUE,FALSE,陸胤,FALSE
韓忠_(遼東),TRUE,FALSE,韓忠,FALSE
韓忠_(黄巾),TRUE,FALSE,韓忠,FALSE
韓胤,TRUE,FALSE,韓胤,FALSE
高沛,TRUE,FALSE,高沛,FALSE
鮮于輔,TRUE,FALSE,鮮于輔,FALSE
黄エン,TRUE,TRUE,黄琬,FALSE
黄叙,TRUE,FALSE,黄敍,FALSE
劉徳然,TRUE,TRUE,劉徳然,FALSE
張裕,TRUE,FALSE,張裕,FALSE
楊懐,TRUE,FALSE,楊懐,FALSE
波才,TRUE,TRUE,波才,FALSE
王戎,TRUE,FALSE,王戎,FALSE
韋康,TRUE,FALSE,韋康,FALSE
馬承,TRUE,FALSE,馬承,FALSE
高柔,TRUE,FALSE,高柔,FALSE
カク普,TRUE,TRUE,郝普,FALSE
チュウ輯,TRUE,FALSE,种輯,FALSE
トウ方,TRUE,FALSE,鄧方,FALSE
ホウ林,TRUE,FALSE,龐林,FALSE
ホウ羲,TRUE,FALSE,龐羲,FALSE
令狐愚,TRUE,FALSE,令狐愚,FALSE
任峻,TRUE,FALSE,任峻,FALSE
婁圭,TRUE,FALSE,婁圭,FALSE
尹奉,TRUE,FALSE,尹奉,FALSE
張允_(荊州),TRUE,FALSE,張允,FALSE
曹ケン,TRUE,FALSE,曹玹,FALSE
曹勤,TRUE,FALSE,曹勤,FALSE
曹矩,TRUE,FALSE,曹矩,FALSE
棗祗,TRUE,FALSE,棗祗,FALSE
王元姫,TRUE,FALSE,王元姫,FALSE
王謀,TRUE,FALSE,王謀,FALSE
秦朗,TRUE,FALSE,秦朗,FALSE
衛茲,TRUE,FALSE,衛茲,FALSE
路招,TRUE,FALSE,路招,FALSE
鄭度,TRUE,FALSE,鄭度,FALSE
陳修,TRUE,FALSE,陳修,FALSE
鮑勲,TRUE,FALSE,鮑勛,FALSE
黄射,TRUE,FALSE,黄射,FALSE
キ覧,TRUE,TRUE,嬀覧,FALSE
ホウイク,TRUE,FALSE,龐淯,FALSE
劉テイ_(建安七子),TRUE,FALSE,劉楨,FALSE
張奮,TRUE,TRUE,張奮,FALSE
曹ズイ,TRUE,FALSE,曹蕤,FALSE
曹ヨウ,TRUE,FALSE,曹邕,FALSE
曹協,TRUE,FALSE,曹協,FALSE
曹尋,TRUE,FALSE,曹尋,FALSE
曹悌,TRUE,FALSE,曹悌,FALSE
曹温,TRUE,FALSE,曹温,FALSE
曹翕,TRUE,FALSE,曹翕,FALSE
曹鑑,TRUE,FALSE,曹鑒,FALSE
甘夫人,TRUE,FALSE,甘夫人,FALSE
ホウ柔,TRUE,FALSE,龐柔,FALSE
任安_(後漢),TRUE,TRUE,任安,FALSE
孟宗,TRUE,FALSE,孟宗,FALSE
徐キュウ,TRUE,TRUE,徐璆,FALSE
沈友,TRUE,FALSE,沈友,FALSE
胡昭,TRUE,FALSE,胡昭,FALSE
ヘイ原,TRUE,FALSE,邴原,FALSE
ホウ宏,TRUE,FALSE,龐宏,FALSE
何キ,TRUE,FALSE,何夔,FALSE
何ギョウ,TRUE,FALSE,何顒,FALSE
公孫修,TRUE,FALSE,公孫修,FALSE
孫震_(孫呉),TRUE,FALSE,孫震,FALSE
曹偃,TRUE,FALSE,曹偃,FALSE
曹啓,TRUE,FALSE,曹啓,FALSE
柳甫,TRUE,FALSE,柳甫,FALSE
楊俊_(曹魏),TRUE,FALSE,楊俊,FALSE
王弼,TRUE,FALSE,王弼,FALSE
王観,TRUE,FALSE,王観,FALSE
裴潜,TRUE,FALSE,裴潜,FALSE
趙ゲン,TRUE,FALSE,趙儼,FALSE
馬日テイ,TRUE,TRUE,馬日,FALSE
ケイギョウ,TRUE,FALSE,邢顒,FALSE
劉ヨウ_(蜀漢),TRUE,FALSE,劉邕,FALSE
姚チュウ,TRUE,FALSE,姚伷,FALSE
張純_(後漢末),TRUE,TRUE,張純,FALSE
朱績,TRUE,FALSE,朱績,FALSE
賈ソウ,TRUE,FALSE,賈琮,FALSE
趙イク,TRUE,FALSE,趙昱,FALSE
韋誕,TRUE,FALSE,韋誕,FALSE
頼恭,TRUE,FALSE,頼恭,FALSE
傅カ,TRUE,FALSE,傅嘏,FALSE
劉ヨク,TRUE,FALSE,劉廙,FALSE
周処,TRUE,FALSE,周処,FALSE
皇象,TRUE,FALSE,皇象,FALSE
程畿,TRUE,FALSE,程畿,FALSE
衛臻,TRUE,FALSE,衛臻,FALSE
尹大目,TRUE,FALSE,尹大目,FALSE
蘇則,TRUE,FALSE,蘇則,FALSE
賀邵,TRUE,FALSE,賀邵,FALSE
劉虎,TRUE,FALSE,劉虎,FALSE
司馬順,TRUE,FALSE,司馬順,FALSE
孫キン,TRUE,FALSE,孫歆,FALSE
孫異,TRUE,FALSE,孫異,FALSE
薛悌,TRUE,FALSE,薛悌,FALSE
成済,TRUE,FALSE,成済,FALSE
李粛_(孫呉),TRUE,FALSE,李粛,FALSE
チ慮,TRUE,TRUE,郗慮,FALSE
伏寿,TRUE,FALSE,伏壽,FALSE
鄭小同,TRUE,FALSE,鄭小同,FALSE
李遺,TRUE,FALSE,李遺,FALSE
杜氏_(三国時代),TRUE,FALSE,杜氏,FALSE
樊氏,TRUE,FALSE,樊氏,FALSE
関エツ,TRUE,FALSE,関樾,FALSE
宋建,TRUE,TRUE,宋建,FALSE
金イ,TRUE,FALSE,金禕,FALSE
朱皓,TRUE,TRUE,朱皓,FALSE
虞忠,TRUE,FALSE,虞忠,FALSE
諸葛融,TRUE,FALSE,諸葛融,FALSE
陶コウ,TRUE,FALSE,陶璜,FALSE
劉惇,TRUE,TRUE,劉惇,FALSE
劉茂_(楽浪太守),TRUE,FALSE,劉茂,FALSE
呉範,TRUE,TRUE,呉範,FALSE
孫松,TRUE,FALSE,孫松,FALSE
孫楷,TRUE,FALSE,孫楷,FALSE
孫鄰,TRUE,FALSE,孫鄰,FALSE
滕脩,TRUE,FALSE,滕脩,FALSE
留平,TRUE,FALSE,留平,FALSE
薛ク,TRUE,FALSE,薛珝,FALSE
衛温,TRUE,FALSE,衛温,FALSE
諸葛攀,TRUE,FALSE,諸葛攀,FALSE
キ艶,TRUE,FALSE,曁艶,FALSE
劉纂,TRUE,FALSE,劉纂,FALSE
厳武_(三国),TRUE,FALSE,厳武,FALSE
呉夫人,TRUE,FALSE,呉夫人,FALSE
大懿皇后,TRUE,FALSE,大懿皇后,FALSE
徐夫人,TRUE,FALSE,徐夫人,FALSE
敬懐皇后,TRUE,FALSE,敬懐皇后,FALSE
是儀,TRUE,TRUE,是儀,FALSE
曹不興,TRUE,FALSE,曹不興,FALSE
歩練師,TRUE,FALSE,歩練師,FALSE
滕牧,TRUE,FALSE,滕牧,FALSE
謝夫人,TRUE,FALSE,謝夫人,FALSE
謝承,TRUE,FALSE,謝承,FALSE
趙達,TRUE,TRUE,趙達,FALSE
李朝_(蜀),TRUE,FALSE,李朝,FALSE
明悼皇后毛氏,TRUE,FALSE,毛皇后,FALSE
献穆曹皇后,TRUE,FALSE,献穆皇后,FALSE
曹安民,TRUE,FALSE,曹安民,FALSE
曹殷,TRUE,FALSE,曹殷,FALSE
諸葛喬,TRUE,FALSE,諸葛喬,FALSE
黄夫人,TRUE,FALSE,黄夫人,FALSE
丁儀,TRUE,FALSE,丁儀,FALSE
侯選,TRUE,FALSE,侯選,FALSE
劉岱_(東莱),TRUE,FALSE,劉岱,FALSE
審栄,TRUE,FALSE,審栄,FALSE
張藐,TRUE,FALSE,張藐,FALSE
曹遵,TRUE,FALSE,曹遵,FALSE
柳隠,TRUE,FALSE,柳隠,FALSE
段黙,TRUE,FALSE,段黙,FALSE
王子服,TRUE,FALSE,王子服,FALSE
程銀,TRUE,FALSE,程銀,FALSE
裴秀,TRUE,FALSE,裴秀,FALSE
郭奕_(頴川),TRUE,FALSE,郭奕,FALSE
雍茂,TRUE,FALSE,雍茂,FALSE
馬元義,TRUE,TRUE,馬元義,FALSE
馬玩,TRUE,FALSE,馬玩,FALSE
伍習,TRUE,FALSE,伍習,FALSE
孫英,TRUE,FALSE,孫英,FALSE
張著,TRUE,FALSE,張著,FALSE
李勝,TRUE,FALSE,李勝,FALSE
胡烈,TRUE,FALSE,胡烈,FALSE
董衡,TRUE,FALSE,董衡,FALSE
董超,TRUE,FALSE,董超,FALSE
費耀,TRUE,FALSE,費耀,FALSE
劉義遜,TRUE,FALSE,劉義遜,FALSE
国淵,TRUE,FALSE,国淵,FALSE
孫奐,TRUE,FALSE,孫奐,FALSE
孫軽,TRUE,FALSE,孫軽,FALSE
宋果,TRUE,FALSE,宋果,FALSE
左丞祖,TRUE,FALSE,左丞祖,FALSE
張尚,TRUE,FALSE,張尚中国前漢の人物。呉楚七国の乱の際に楚の宰相を務めていた。弟は張羽。中国呉に仕えた人物。以下を参照。中国晋,FALSE
張粛,TRUE,FALSE,張粛,FALSE
攴胡赤児,TRUE,FALSE,攴胡赤児,FALSE
李利,TRUE,TRUE,李利,FALSE
李歴,TRUE,FALSE,李歴,FALSE
楊任,TRUE,FALSE,楊任,FALSE
楊弘_(後漢),TRUE,FALSE,楊弘,FALSE
武周_(三国),TRUE,FALSE,武周,FALSE
殷礼,TRUE,FALSE,殷礼,FALSE
沮俊,TRUE,TRUE,沮俊,FALSE
涼茂,TRUE,FALSE,涼茂,FALSE
程奐,TRUE,FALSE,程奐,FALSE
繆尚,TRUE,FALSE,繆尚,FALSE
耿武,TRUE,FALSE,耿武,FALSE
舒邵,TRUE,FALSE,舒邵,FALSE
蒋奇,TRUE,FALSE,蒋奇,FALSE
蘇由,TRUE,FALSE,蘇由,FALSE
趙浮,TRUE,FALSE,趙浮,FALSE
閔純,TRUE,FALSE,閔純,FALSE
閻象,TRUE,FALSE,閻象,FALSE
陳就,TRUE,FALSE,陳就,FALSE
陳紀_(九江太守),TRUE,FALSE,陳紀,FALSE
雷緒,TRUE,FALSE,雷緒,FALSE
馬延,TRUE,FALSE,馬延,FALSE
高祚,TRUE,FALSE,高祚,FALSE
仲長統,TRUE,TRUE,仲長統,FALSE
卑衍,TRUE,FALSE,卑衍,FALSE
司馬芝,TRUE,FALSE,司馬芝,FALSE
孫資,TRUE,FALSE,孫資,FALSE
曹詢,TRUE,FALSE,曹詢,FALSE
服虔,TRUE,TRUE,服虔,FALSE
辛憲英,TRUE,FALSE,辛憲英,FALSE
傅玄,TRUE,FALSE,傅玄,FALSE
呂壱,TRUE,FALSE,呂壱,FALSE
和洽,TRUE,FALSE,和洽,FALSE
崔林,TRUE,FALSE,崔林,FALSE
張存,TRUE,FALSE,張存,FALSE
李邵,TRUE,FALSE,李邵,FALSE
王嗣,TRUE,FALSE,王嗣,FALSE
習禎,TRUE,FALSE,習禎,FALSE
蒋舒,TRUE,FALSE,蒋舒,FALSE
衛覬,TRUE,FALSE,衛覬,FALSE
輔匡,TRUE,FALSE,輔匡,FALSE
馬斉,TRUE,FALSE,馬斉,FALSE
何宗,TRUE,FALSE,何宗,FALSE
司馬防,TRUE,FALSE,司馬防,FALSE
常林,TRUE,FALSE,常林,FALSE
王必,TRUE,FALSE,王必,FALSE
聶友,TRUE,FALSE,聶友,FALSE
胡済,TRUE,FALSE,胡済,FALSE
賈範,TRUE,FALSE,賈範,FALSE
鍾毓,TRUE,FALSE,鍾毓,FALSE
曹操,TRUE,TRUE,曹操,FALSE
諸葛亮,TRUE,TRUE,諸葛亮,FALSE
カイ越,TRUE,FALSE,蒯越,FALSE
ホウ統,TRUE,FALSE,龐統,FALSE
何晏,TRUE,FALSE,何晏,FALSE
司馬師,TRUE,FALSE,司馬師,FALSE
司馬懿,TRUE,FALSE,司馬懿,FALSE
司馬昭,TRUE,FALSE,司馬昭,FALSE
司馬炎,TRUE,FALSE,司馬炎,FALSE
呂範,TRUE,FALSE,呂範,FALSE
周瑜,TRUE,TRUE,周瑜,FALSE
夏侯淵,TRUE,FALSE,夏侯淵,FALSE
夏侯覇,TRUE,FALSE,夏侯覇,FALSE
孫堅,TRUE,TRUE,孫堅,FALSE
孫策,TRUE,TRUE,孫策,FALSE
少帝弁,TRUE,FALSE,少帝弁,FALSE
張角,TRUE,TRUE,張角,FALSE
張飛,TRUE,FALSE,張飛,FALSE
徐庶,TRUE,FALSE,徐庶,FALSE
於夫羅,TRUE,TRUE,於夫羅,FALSE
曹仁,TRUE,FALSE,曹仁,FALSE
曹植,TRUE,FALSE,曹植,FALSE
曹爽,TRUE,FALSE,曹爽,FALSE
法正,TRUE,FALSE,法正,FALSE
献帝_(漢),TRUE,FALSE,献帝,FALSE
程イク,TRUE,FALSE,程昱,FALSE
董卓,TRUE,TRUE,董卓,FALSE
袁燿,TRUE,FALSE,袁燿,FALSE
袁紹,TRUE,TRUE,袁紹,FALSE
袁術,TRUE,TRUE,袁術,FALSE
諸葛セイ,TRUE,FALSE,諸葛靚,FALSE
諸葛恪,TRUE,FALSE,諸葛恪,FALSE
諸葛瑾,TRUE,FALSE,諸葛瑾,FALSE
諸葛誕,TRUE,FALSE,諸葛誕,FALSE
趙雲,TRUE,FALSE,趙雲,FALSE
郭嘉,TRUE,FALSE,郭嘉,FALSE
関平,TRUE,FALSE,関平,FALSE
関羽,TRUE,FALSE,関羽,FALSE
阮籍,TRUE,FALSE,阮籍,FALSE
陳宮,TRUE,FALSE,陳宮,FALSE
陳寿,TRUE,FALSE,陳寿,FALSE
陸遜,TRUE,FALSE,陸遜,FALSE
馬良,TRUE,FALSE,馬良,FALSE
馬謖,TRUE,FALSE,馬謖,FALSE
魯粛,TRUE,FALSE,魯粛,FALSE
ケイ康,TRUE,FALSE,嵆康,FALSE
丁原,TRUE,TRUE,丁原,FALSE
丁奉,TRUE,FALSE,丁奉,FALSE
何進,TRUE,TRUE,何進,FALSE
公孫度,TRUE,TRUE,公孫度,FALSE
劉表,TRUE,TRUE,劉表,FALSE
司馬朗,TRUE,FALSE,司馬朗,FALSE
呂蒙,TRUE,FALSE,呂蒙,FALSE
周泰,TRUE,FALSE,周泰,FALSE
夏侯惇,TRUE,FALSE,夏侯惇,FALSE
孔融,TRUE,TRUE,孔融,FALSE
孫登,TRUE,FALSE,孫登,FALSE
孫紹,TRUE,FALSE,孫紹,FALSE
張コウ,TRUE,FALSE,張郃,FALSE
文醜,TRUE,FALSE,文醜,FALSE
曹休,TRUE,FALSE,曹休,FALSE
曹宇,TRUE,FALSE,曹宇,FALSE
曹真,TRUE,FALSE,曹真,FALSE
曹羲,TRUE,FALSE,曹羲,FALSE
朱治,TRUE,FALSE,朱治,FALSE
李カク_(後漢),TRUE,TRUE,李傕,FALSE
王允,TRUE,TRUE,王允,FALSE
甘寧,TRUE,FALSE,甘寧,FALSE
皇甫嵩,TRUE,TRUE,皇甫嵩,FALSE
程普,TRUE,FALSE,程普,FALSE
荀イク,TRUE,TRUE,荀彧,FALSE
華雄,TRUE,FALSE,華雄,FALSE
賈逵_(魏),TRUE,FALSE,賈逵,FALSE
関興,TRUE,FALSE,関興,FALSE
霊思何皇后,TRUE,FALSE,何皇后,FALSE
顔良,TRUE,FALSE,顔良,FALSE
馬超,TRUE,TRUE,馬超,FALSE
魏延,TRUE,FALSE,魏延,FALSE
黄忠,TRUE,FALSE,黄忠,FALSE
黄皓,TRUE,FALSE,黄皓,FALSE
黄蓋,TRUE,FALSE,黄蓋,FALSE
カイ良,TRUE,FALSE,蒯良,FALSE
カク昭,TRUE,FALSE,郝昭,FALSE
カン丘倹,TRUE,FALSE,毌丘倹,FALSE
カン沢,TRUE,FALSE,闞沢,FALSE
サク融,TRUE,TRUE,笮融,FALSE
ショウ周,TRUE,FALSE,譙周,FALSE
トウ忠,TRUE,FALSE,鄧忠,FALSE
トウ艾,TRUE,FALSE,鄧艾,FALSE
トウ芝,TRUE,FALSE,鄧芝,FALSE
ホウ会,TRUE,FALSE,龐会,FALSE
ホウ徳,TRUE,FALSE,龐徳,FALSE
万イク,TRUE,FALSE,万彧,FALSE
于吉,TRUE,FALSE,于吉,FALSE
于禁,TRUE,FALSE,于禁,FALSE
伊籍,TRUE,FALSE,伊籍,FALSE
伏完,TRUE,FALSE,伏完,FALSE
何儀,TRUE,FALSE,何儀,FALSE
侯成,TRUE,FALSE,侯成,FALSE
傅トウ,TRUE,FALSE,傅彤,FALSE
傅僉,TRUE,FALSE,傅僉,FALSE
傅巽,TRUE,FALSE,傅巽,FALSE
全ソウ,TRUE,FALSE,全琮,FALSE
全尚,TRUE,FALSE,全尚,FALSE
全懌,TRUE,FALSE,全懌,FALSE
全端,TRUE,FALSE,全端,FALSE
公孫サン,TRUE,TRUE,公孫瓚,FALSE
公孫康,TRUE,TRUE,公孫康,FALSE
公孫恭,TRUE,TRUE,公孫恭,FALSE
公孫淵,TRUE,FALSE,公孫淵,FALSE
公孫続,TRUE,FALSE,公孫続,FALSE
公孫越,TRUE,FALSE,公孫越,FALSE
典韋,TRUE,FALSE,典韋,FALSE
凌操,TRUE,TRUE,淩操,FALSE
凌統,TRUE,FALSE,淩統,FALSE
劉キ,TRUE,FALSE,劉琦,FALSE
劉シン,TRUE,FALSE,劉諶,FALSE
劉セン,TRUE,FALSE,劉璿,FALSE
劉ソウ,TRUE,FALSE,劉琮,FALSE
劉ヨウ_(揚州牧),TRUE,FALSE,劉繇,FALSE
劉勲,TRUE,FALSE,劉勲,FALSE
劉封,TRUE,FALSE,劉封,FALSE
劉巴,TRUE,FALSE,劉巴,FALSE
劉度,TRUE,FALSE,劉度,FALSE
劉循,TRUE,FALSE,劉循,FALSE
劉曄,TRUE,FALSE,劉曄,FALSE
劉永_(蜀漢),TRUE,FALSE,劉永,FALSE
劉焉,TRUE,TRUE,劉焉,FALSE
劉理,TRUE,FALSE,劉理,FALSE
劉虞,TRUE,TRUE,劉虞,FALSE
卓膺,TRUE,FALSE,卓膺,FALSE
厳シュン,TRUE,FALSE,厳畯,FALSE
厳虎,TRUE,TRUE,厳虎,FALSE
厳輿,TRUE,FALSE,厳輿,FALSE
厳顔,TRUE,FALSE,厳顔,FALSE
司馬チュウ,TRUE,FALSE,司馬伷,FALSE
司馬孚,TRUE,FALSE,司馬孚,FALSE
司馬徽,TRUE,FALSE,司馬徽,FALSE
司馬望,TRUE,FALSE,司馬望,FALSE
向寵,TRUE,FALSE,向寵,FALSE
向朗,TRUE,FALSE,向朗,FALSE
吾彦,TRUE,FALSE,吾彦,FALSE
吾粲,TRUE,FALSE,吾粲,FALSE
呂凱,TRUE,FALSE,呂凱,FALSE
呂岱,TRUE,TRUE,呂岱,FALSE
呂拠,TRUE,FALSE,呂拠,FALSE
呂翔,TRUE,FALSE,呂翔,FALSE
呂虔,TRUE,FALSE,呂虔,FALSE
呉巨,TRUE,FALSE,呉巨,FALSE
呉懿,TRUE,FALSE,呉懿,FALSE
呉班,TRUE,FALSE,呉班,FALSE
呉質,TRUE,FALSE,呉質,FALSE
周キン,TRUE,FALSE,周昕,FALSE
周魴,TRUE,FALSE,周魴,FALSE
士仁,TRUE,TRUE,士仁,FALSE
士匡,TRUE,TRUE,士匡,FALSE
士壱,TRUE,TRUE,士壱,FALSE
士孫瑞,TRUE,FALSE,士孫瑞,FALSE
士徽,TRUE,FALSE,士徽,FALSE
士燮_(交阯太守),TRUE,TRUE,士燮,FALSE
夏侯和,TRUE,FALSE,夏侯和,FALSE
夏侯威,TRUE,FALSE,夏侯威,FALSE
夏侯尚,TRUE,FALSE,夏侯尚,FALSE
夏侯恵,TRUE,FALSE,夏侯恵,FALSE
夏侯栄,TRUE,FALSE,夏侯栄,FALSE
夏侯楙,TRUE,FALSE,夏侯楙,FALSE
夏侯玄,TRUE,FALSE,夏侯玄,FALSE
夏侯称,TRUE,FALSE,夏侯称,FALSE
太史享,TRUE,FALSE,太史享,FALSE
太史慈,TRUE,TRUE,太史慈,FALSE
姜維,TRUE,FALSE,姜維,FALSE
孟獲,TRUE,FALSE,孟獲,FALSE
孟達,TRUE,FALSE,孟達,FALSE
孫チン,TRUE,FALSE,孫綝,FALSE
孫乾,TRUE,FALSE,孫乾,FALSE
孫匡,TRUE,FALSE,孫匡,FALSE
孫和,TRUE,FALSE,孫和,FALSE
孫峻,TRUE,FALSE,孫峻,FALSE
孫朗,TRUE,FALSE,孫朗,FALSE
孫桓,TRUE,FALSE,孫桓,FALSE
孫瑜,TRUE,FALSE,孫瑜,FALSE
孫礼,TRUE,FALSE,孫礼,FALSE
孫秀,TRUE,FALSE,孫秀,FALSE
孫翊,TRUE,FALSE,孫翊,FALSE
孫覇,TRUE,FALSE,孫覇,FALSE
孫静,TRUE,FALSE,孫静,FALSE
孫韶,TRUE,FALSE,孫韶,FALSE
宋憲,TRUE,FALSE,宋憲,FALSE
審配,TRUE,FALSE,審配,FALSE
尹黙,TRUE,FALSE,尹黙,FALSE
山濤,TRUE,FALSE,山濤,FALSE
崔エン,TRUE,FALSE,崔琰,FALSE
左慈,TRUE,TRUE,左慈,FALSE
廖化,TRUE,FALSE,廖化,FALSE
廖立,TRUE,FALSE,廖立,FALSE
張バク,TRUE,TRUE,張邈,FALSE
張任,TRUE,FALSE,張任,FALSE
張休,TRUE,FALSE,張休,FALSE
張勲_(後漢),TRUE,FALSE,張勲,FALSE
張南,TRUE,FALSE,張南,FALSE
張宝,TRUE,TRUE,張宝,FALSE
張嶷,TRUE,FALSE,張嶷,FALSE
張布,TRUE,FALSE,張布,FALSE
張悌,TRUE,FALSE,張悌,FALSE
張既,TRUE,FALSE,張既,FALSE
張昭,TRUE,FALSE,張昭,FALSE
張松,TRUE,FALSE,張松,FALSE
張楊,TRUE,TRUE,張楊,FALSE
張済_(後漢の武将),TRUE,TRUE,張済,FALSE
張温_(孫呉),TRUE,FALSE,張温,FALSE
張燕,TRUE,FALSE,張燕,FALSE
張紘,TRUE,FALSE,張紘,FALSE
張紹,TRUE,FALSE,張紹,FALSE
張緝,TRUE,FALSE,張緝,FALSE
張繍,TRUE,TRUE,張繍,FALSE
張苞,TRUE,FALSE,張苞,FALSE
張衛,TRUE,FALSE,張衛,FALSE
張譲,TRUE,TRUE,張譲,FALSE
張遵,TRUE,FALSE,張遵,FALSE
張遼,TRUE,FALSE,張遼,FALSE
張魯,TRUE,TRUE,張魯,FALSE
徐バク,TRUE,FALSE,徐邈,FALSE
徐晃,TRUE,FALSE,徐晃,FALSE
徐栄,TRUE,FALSE,徐栄,FALSE
徐盛,TRUE,FALSE,徐盛,FALSE
徐質,TRUE,FALSE,徐質,FALSE
戯志才,TRUE,FALSE,戯志才,FALSE
文欽,TRUE,FALSE,文欽,FALSE
文聘,TRUE,FALSE,文聘,FALSE
文鴦,TRUE,FALSE,文鴦,FALSE
曹彰,TRUE,FALSE,曹彰,FALSE
曹性,TRUE,FALSE,曹性,FALSE
曹昂,TRUE,FALSE,曹昂,FALSE
曹沖,TRUE,FALSE,曹沖,FALSE
曹洪,TRUE,FALSE,曹洪,FALSE
曹熊,TRUE,FALSE,曹熊,FALSE
曹純,TRUE,FALSE,曹純,FALSE
曹訓,TRUE,FALSE,曹訓,FALSE
曹豹,TRUE,FALSE,曹豹,FALSE
朱儁,TRUE,TRUE,朱儁,FALSE
朱拠,TRUE,FALSE,朱拠,FALSE
朱桓,TRUE,FALSE,朱桓,FALSE
朱然,TRUE,FALSE,朱然,FALSE
朱異,TRUE,FALSE,朱異,FALSE
朱霊,TRUE,FALSE,朱霊,FALSE
李典,TRUE,FALSE,李典,FALSE
李厳,TRUE,FALSE,李厳,FALSE
李封,TRUE,FALSE,李封,FALSE
李恢,TRUE,FALSE,李恢,FALSE
李粛_(騎都尉),TRUE,FALSE,李粛,FALSE
杜預,TRUE,FALSE,杜預,FALSE
桓範,TRUE,FALSE,桓範,FALSE
梁習,TRUE,FALSE,梁習,FALSE
楊修,TRUE,FALSE,楊修,FALSE
楊儀,TRUE,FALSE,楊儀,FALSE
楊奉,TRUE,FALSE,楊奉,FALSE
楊彪,TRUE,TRUE,楊彪,FALSE
楊昂,TRUE,FALSE,楊昂,FALSE
楊醜,TRUE,FALSE,楊醜,FALSE
楼玄,TRUE,FALSE,楼玄,FALSE
楽進,TRUE,FALSE,楽進,FALSE
樊建,TRUE,FALSE,樊建,FALSE
樊稠,TRUE,TRUE,樊稠,FALSE
橋瑁,TRUE,FALSE,橋瑁,FALSE
歩協,TRUE,FALSE,歩協,FALSE
歩闡,TRUE,FALSE,歩闡,FALSE
歩隲,TRUE,FALSE,歩騭,FALSE
毛カイ,TRUE,FALSE,毛玠,FALSE
沙摩柯,TRUE,FALSE,沙摩柯,FALSE
沮授,TRUE,FALSE,沮授,FALSE
沮鵠,TRUE,FALSE,沮鵠,FALSE
淳于瓊,TRUE,FALSE,淳于瓊,FALSE
満寵,TRUE,FALSE,満寵,FALSE
滕胤,TRUE,FALSE,滕胤,FALSE
潘濬,TRUE,TRUE,潘濬,FALSE
潘璋,TRUE,FALSE,潘璋,FALSE
濮陽興,TRUE,FALSE,濮陽興,FALSE
牛輔,TRUE,FALSE,牛輔,FALSE
牛金,TRUE,FALSE,牛金,FALSE
牽弘,TRUE,FALSE,牽弘,FALSE
牽招,TRUE,FALSE,牽招,FALSE
王伉,TRUE,FALSE,王伉,FALSE
王修,TRUE,FALSE,王修,FALSE
王凌,TRUE,FALSE,王凌,FALSE
王匡_(河内太守),TRUE,FALSE,王匡,FALSE
王双,TRUE,FALSE,王双,FALSE
王叡,TRUE,FALSE,王叡,FALSE
王基,TRUE,FALSE,王基,FALSE
王威,TRUE,FALSE,王威,FALSE
王平,TRUE,FALSE,王平,FALSE
王忠,TRUE,FALSE,王忠,FALSE
王昶_(曹魏),TRUE,FALSE,王昶,FALSE
王朗,TRUE,TRUE,王朗,FALSE
王渾,TRUE,FALSE,王渾,FALSE
王濬,TRUE,FALSE,王濬,FALSE
王甫,TRUE,FALSE,王甫,FALSE
王粛,TRUE,FALSE,王粛,FALSE
王粲,TRUE,FALSE,王粲,FALSE
王累,TRUE,FALSE,王累,FALSE
王経,TRUE,FALSE,王経,FALSE
王蕃,TRUE,FALSE,王蕃,FALSE
田疇,TRUE,FALSE,田疇,FALSE
田豊,TRUE,FALSE,田豊,FALSE
田豫,TRUE,FALSE,田豫,FALSE
留賛,TRUE,FALSE,留賛,FALSE
盧植,TRUE,TRUE,盧植,FALSE
石苞,TRUE,FALSE,石苞,FALSE
祖茂,TRUE,FALSE,祖茂,FALSE
禰衡,TRUE,FALSE,禰衡,FALSE
秦フク,TRUE,FALSE,秦宓,FALSE
程武,TRUE,FALSE,程武,FALSE
管寧,TRUE,FALSE,管寧,FALSE
管輅,TRUE,FALSE,管輅,FALSE
簡雍,TRUE,FALSE,簡雍,FALSE
糜竺,TRUE,FALSE,糜竺,FALSE
糜芳,TRUE,TRUE,糜芳,FALSE
紀霊,TRUE,FALSE,紀霊,FALSE
羅憲,TRUE,FALSE,羅憲,FALSE
羊コ,TRUE,FALSE,羊祜,FALSE
胡質,TRUE,FALSE,胡質,FALSE
胡車児,TRUE,FALSE,胡車児,FALSE
胡軫,TRUE,FALSE,胡軫,FALSE
臧覇,TRUE,TRUE,臧覇,FALSE
荀ギ,TRUE,FALSE,荀顗,FALSE
荀シン,TRUE,FALSE,荀諶,FALSE
荀勗,TRUE,FALSE,荀勗,FALSE
荀攸,TRUE,FALSE,荀攸,FALSE
華キン,TRUE,FALSE,華歆,FALSE
華佗,TRUE,FALSE,華佗,FALSE
華覈,TRUE,FALSE,華覈,FALSE
董允,TRUE,FALSE,董允,FALSE
董厥,TRUE,FALSE,董厥,FALSE
董和,TRUE,FALSE,董和,FALSE
董承,TRUE,TRUE,董承,FALSE
董旻,TRUE,FALSE,董旻,FALSE
董昭,TRUE,FALSE,董昭,FALSE
蒋エン,TRUE,FALSE,蒋琬,FALSE
蒋幹,TRUE,FALSE,蒋幹,FALSE
蒋欽,TRUE,FALSE,蒋欽,FALSE
蒋済,TRUE,FALSE,蒋済,FALSE
蔡ヨウ,TRUE,TRUE,蔡邕,FALSE
蔡瑁,TRUE,TRUE,蔡瑁,FALSE
薛瑩,TRUE,FALSE,薛瑩,FALSE
薛綜,TRUE,FALSE,薛綜,FALSE
薛蘭,TRUE,FALSE,薛蘭,FALSE
蘇飛,TRUE,FALSE,蘇飛,FALSE
虞シ,TRUE,FALSE,虞汜,FALSE
虞翻,TRUE,TRUE,虞翻,FALSE
衛カン,TRUE,FALSE,衛瓘,FALSE
袁尚,TRUE,TRUE,袁尚,FALSE
袁煕,TRUE,TRUE,袁煕,FALSE
袁胤,TRUE,FALSE,袁胤,FALSE
袁譚,TRUE,TRUE,袁譚,FALSE
袁遺,TRUE,FALSE,袁遺,FALSE
許チョ,TRUE,FALSE,許褚,FALSE
許劭,TRUE,TRUE,許劭,FALSE
許攸,TRUE,FALSE,許攸,FALSE
許靖,TRUE,FALSE,許靖,FALSE
諸葛均,TRUE,TRUE,諸葛均,FALSE
諸葛尚,TRUE,FALSE,諸葛尚,FALSE
諸葛瞻,TRUE,FALSE,諸葛瞻,FALSE
諸葛緒,TRUE,FALSE,諸葛緒,FALSE
謝旌,TRUE,FALSE,謝旌,FALSE
費イ,TRUE,FALSE,費禕,FALSE
費詩,TRUE,FALSE,費詩,FALSE
賀斉,TRUE,FALSE,賀斉,FALSE
賈ク,TRUE,FALSE,賈詡,FALSE
賈充,TRUE,FALSE,賈充,FALSE
趙広,TRUE,FALSE,趙広,FALSE
趙統,TRUE,FALSE,趙統,FALSE
車冑,TRUE,FALSE,車冑,FALSE
軻比能,TRUE,FALSE,軻比能,FALSE
辛ピ,TRUE,FALSE,辛毗,FALSE
辛評,TRUE,FALSE,辛評,FALSE
逢紀,TRUE,FALSE,逢紀,FALSE
郤正,TRUE,FALSE,郤正,FALSE
郭シ,TRUE,TRUE,郭汜,FALSE
郭図,TRUE,FALSE,郭図,FALSE
郭攸之,TRUE,FALSE,郭攸之,FALSE
郭淮,TRUE,FALSE,郭淮,FALSE
金旋,TRUE,FALSE,金旋,FALSE
鍾ヨウ,TRUE,FALSE,鍾繇,FALSE
鍾会,TRUE,FALSE,鍾会,FALSE
鍾離牧,TRUE,FALSE,鍾離牧,FALSE
関彝,TRUE,FALSE,関彝,FALSE
関統,TRUE,FALSE,関統,FALSE
関靖,TRUE,FALSE,関靖,FALSE
閻宇,TRUE,FALSE,閻宇,FALSE
閻柔,TRUE,FALSE,閻柔,FALSE
陳到,TRUE,FALSE,陳到,FALSE
陳式,TRUE,FALSE,陳式,FALSE
陳武,TRUE,FALSE,陳武,FALSE
陳泰,TRUE,FALSE,陳泰,FALSE
陳珪,TRUE,FALSE,陳珪,FALSE
陳琳,TRUE,FALSE,陳琳,FALSE
陳登,TRUE,FALSE,陳登,FALSE
陳矯,TRUE,FALSE,陳矯,FALSE
陳羣,TRUE,FALSE,陳羣,FALSE
陳蘭,TRUE,FALSE,陳蘭,FALSE
陳表,TRUE,FALSE,陳表,FALSE
陳震,TRUE,FALSE,陳震,FALSE
陳騫,TRUE,FALSE,陳騫,FALSE
陶謙,TRUE,TRUE,陶謙,FALSE
陸凱,TRUE,FALSE,陸凱,FALSE
陸抗,TRUE,FALSE,陸抗,FALSE
陸景,TRUE,FALSE,陸景,FALSE
陸績,TRUE,FALSE,陸績,FALSE
雷薄,TRUE,FALSE,雷薄,FALSE
霍峻,TRUE,FALSE,霍峻,FALSE
霍弋,TRUE,FALSE,霍弋,FALSE
韋昭,TRUE,FALSE,韋昭,FALSE
韓嵩,TRUE,FALSE,韓嵩,FALSE
韓当,TRUE,FALSE,韓当,FALSE
韓暹,TRUE,TRUE,韓暹,FALSE
韓浩,TRUE,FALSE,韓浩,FALSE
韓玄,TRUE,FALSE,韓玄,FALSE
韓遂,TRUE,TRUE,韓遂,FALSE
韓馥,TRUE,TRUE,韓馥,FALSE
顧譚,TRUE,FALSE,顧譚,FALSE
顧雍,TRUE,FALSE,顧雍,FALSE
馬岱,TRUE,FALSE,馬岱,FALSE
馬鈞,TRUE,FALSE,馬鈞,FALSE
馬騰,TRUE,TRUE,馬騰,FALSE
馮習,TRUE,FALSE,馮習,FALSE
駱統,TRUE,FALSE,駱統,FALSE
高幹,TRUE,TRUE,高幹,FALSE
高翔,TRUE,FALSE,高翔,FALSE
高覧,TRUE,FALSE,高覧,FALSE
高順,TRUE,FALSE,高順,FALSE
魏攸,TRUE,FALSE,魏攸,FALSE
魏続,TRUE,FALSE,魏続,FALSE
魯淑,TRUE,FALSE,魯淑,FALSE
鮑信,TRUE,FALSE,鮑信,FALSE
麹義,TRUE,FALSE,麴義,FALSE
黄崇,TRUE,FALSE,黄崇,FALSE
黄権,TRUE,FALSE,黄権,FALSE
黄祖,TRUE,FALSE,黄祖,FALSE
トウ頓,TRUE,FALSE,蹋頓,FALSE
孔チュウ,TRUE,FALSE,孔伷,FALSE
李術,TRUE,FALSE,李術,FALSE
桓嘉,TRUE,FALSE,桓嘉,FALSE
泄帰泥,TRUE,FALSE,泄帰泥,FALSE
趙忠,TRUE,TRUE,趙忠,FALSE
閻行,TRUE,FALSE,閻行,FALSE
魏越,TRUE,FALSE,魏越,FALSE
傅幹,TRUE,FALSE,傅幹,FALSE
周邵,TRUE,FALSE,周邵,FALSE
夏侯蘭,TRUE,FALSE,夏侯蘭,FALSE
李異,TRUE,FALSE,李異,FALSE
李豊_(蜀漢),TRUE,FALSE,李豊,FALSE
董重,TRUE,TRUE,董重,FALSE
蒋壱,TRUE,FALSE,蒋壱,FALSE
蔡陽,TRUE,FALSE,蔡陽,FALSE
費観,TRUE,FALSE,費観,FALSE
応劭,TRUE,TRUE,応劭,FALSE
楊原,TRUE,FALSE,楊原,FALSE
王沈,TRUE,FALSE,王沈,FALSE
荀悦,TRUE,TRUE,荀悦,FALSE
趙娥,TRUE,FALSE,趙娥,FALSE
丁封,TRUE,FALSE,丁封,FALSE
楊欣,TRUE,FALSE,楊欣,FALSE
胡綜,TRUE,FALSE,胡綜,FALSE
陶濬,TRUE,FALSE,陶濬,FALSE
黄元,TRUE,FALSE,黄元,FALSE
王祥,TRUE,FALSE,王祥,FALSE
蹇碩,TRUE,TRUE,蹇碩,FALSE
孫賁,TRUE,FALSE,孫賁,FALSE
孫輔,TRUE,FALSE,孫輔,FALSE
張英_(後漢),TRUE,FALSE,張英,FALSE
王異,TRUE,FALSE,王異,FALSE
呂氏,TRUE,FALSE,呂氏,FALSE
秦松,TRUE,FALSE,秦松,FALSE
胡沖,TRUE,FALSE,胡沖,FALSE
蔡夫人,TRUE,FALSE,蔡夫人,FALSE
丁夫人,TRUE,FALSE,丁夫人,FALSE
劉夫人,TRUE,FALSE,劉夫人,FALSE
句安,TRUE,FALSE,句安,FALSE
曹上,TRUE,FALSE,曹上,FALSE
曹乗,TRUE,FALSE,曹乗,FALSE
曹京,TRUE,FALSE,曹京,FALSE
曹儼,TRUE,FALSE,曹儼,FALSE
曹均,TRUE,FALSE,曹均,FALSE
曹壹,TRUE,FALSE,曹壹,FALSE
曹峻,TRUE,FALSE,曹峻,FALSE
曹幹,TRUE,FALSE,曹幹,FALSE
曹徽,TRUE,FALSE,曹徽,FALSE
曹敏,TRUE,FALSE,曹敏,FALSE
曹整,TRUE,FALSE,曹整,FALSE
曹棘,TRUE,FALSE,曹棘,FALSE
曹礼,TRUE,FALSE,曹礼,FALSE
曹茂,TRUE,FALSE,曹茂,FALSE
曹貢,TRUE,FALSE,曹貢,FALSE
曹賛,TRUE,FALSE,曹賛,FALSE
胡奮,TRUE,FALSE,胡奮,FALSE
胡淵,TRUE,FALSE,胡淵,FALSE
脂習,TRUE,FALSE,脂習,FALSE
董扶,TRUE,FALSE,董扶,FALSE
賈龍,TRUE,FALSE,賈龍,FALSE
孫弘,TRUE,FALSE,孫弘,FALSE
張猛_(武威太守),TRUE,FALSE,張猛,FALSE
徐奕,TRUE,FALSE,徐奕,FALSE
徐宣_(曹魏),TRUE,FALSE,徐宣,FALSE
文虎,TRUE,FALSE,文虎,FALSE
申儀,TRUE,FALSE,申儀,FALSE
谷利,TRUE,FALSE,谷利,FALSE
辺譲,TRUE,TRUE,辺譲,FALSE
鄭泰,TRUE,FALSE,鄭泰,FALSE
韓曁,TRUE,FALSE,韓曁,FALSE
馬隆,TRUE,FALSE,馬隆,FALSE
劉劭_(曹魏),TRUE,FALSE,劉劭,FALSE
孫魯班,TRUE,FALSE,孫魯班,FALSE
張承_(孫呉),TRUE,FALSE,張承,FALSE
張承_(後漢),TRUE,FALSE,張承,FALSE
蘇武,FALSE,TRUE,蘇武,FALSE
陸康,FALSE,TRUE,陸康,FALSE
周勃,FALSE,TRUE,周勃,FALSE
于匡,FALSE,TRUE,于匡,FALSE
五鹿充宗,FALSE,TRUE,五鹿充宗,FALSE
伏湛,FALSE,TRUE,伏湛,FALSE
伏隆,FALSE,TRUE,伏隆,FALSE
侯覇,FALSE,TRUE,侯覇,FALSE
侯進,FALSE,TRUE,侯進,FALSE
傅介子,FALSE,TRUE,傅介子,FALSE
公孫弘,FALSE,TRUE,公孫弘,FALSE
劉恭_(式侯),FALSE,TRUE,劉恭,FALSE
劉敬,FALSE,TRUE,劉敬,FALSE
匡衡,FALSE,TRUE,匡衡,FALSE
史高,FALSE,TRUE,史高,FALSE
呂寛,FALSE,TRUE,呂寛,FALSE
周苛,FALSE,TRUE,周苛,FALSE
唐尊,FALSE,TRUE,唐尊,FALSE
孔光,FALSE,TRUE,孔光,FALSE
孫建,FALSE,TRUE,孫建,FALSE
審食其,FALSE,TRUE,審食其,FALSE
常恵,FALSE,TRUE,常恵,FALSE
平当,FALSE,TRUE,平当,FALSE
平晏,FALSE,TRUE,平晏,FALSE
廉褒,FALSE,TRUE,廉褒,FALSE
張蒼,FALSE,TRUE,張蒼,FALSE
張賀,FALSE,TRUE,張賀,FALSE
張邯,FALSE,TRUE,張邯,FALSE
暴勝之,FALSE,TRUE,暴勝之,FALSE
杜延年,FALSE,TRUE,杜延年,FALSE
梁丘賀,FALSE,TRUE,梁丘賀,FALSE
梅福,FALSE,TRUE,梅福,FALSE
樊宏,FALSE,TRUE,樊宏,FALSE
淳于長,FALSE,TRUE,淳于長,FALSE
王巡,FALSE,TRUE,王巡,FALSE
王況_(将軍),FALSE,TRUE,王況,FALSE
王陵,FALSE,TRUE,王陵,FALSE
甄邯,FALSE,TRUE,甄邯,FALSE
甘延寿,FALSE,TRUE,甘延寿,FALSE
石顕,FALSE,TRUE,石顕,FALSE
臧荼,FALSE,TRUE,臧荼,FALSE
董忠_(新),FALSE,TRUE,董忠,FALSE
蓋寛饒,FALSE,TRUE,蓋寛饒,FALSE
貢禹,FALSE,TRUE,貢禹,FALSE
趙広漢,FALSE,TRUE,趙広漢,FALSE
鄭吉,FALSE,TRUE,鄭吉,FALSE
陳湯,FALSE,TRUE,陳湯,FALSE
馮野王,FALSE,TRUE,馮野王,FALSE
周旌,FALSE,TRUE,周旌,FALSE
王芬,FALSE,TRUE,王芬,FALSE
董擢,FALSE,TRUE,董擢,FALSE
韓増,FALSE,TRUE,韓増,FALSE
張安世,FALSE,TRUE,張安世,FALSE
丙吉,FALSE,TRUE,丙吉,FALSE
寇恂,FALSE,TRUE,寇恂,FALSE
曹節_(宦官),FALSE,TRUE,曹節,FALSE
魏勃,FALSE,TRUE,魏勃,FALSE
劉キン_(学者),FALSE,TRUE,劉歆,FALSE
張陵,FALSE,TRUE,張陵,FALSE
張騫,FALSE,TRUE,張騫,FALSE
許慎,FALSE,TRUE,許慎,FALSE
馬融,FALSE,TRUE,馬融,FALSE
張機,FALSE,TRUE,張機,FALSE
竇武,FALSE,TRUE,竇武,FALSE
安世高,FALSE,TRUE,安世高,FALSE
曹鼎,FALSE,TRUE,曹鼎,FALSE
シツ都,FALSE,TRUE,郅都,FALSE
伊稚斜単于,FALSE,TRUE,伊稚斜単于,FALSE
公孫述,FALSE,TRUE,公孫述,FALSE
季布,FALSE,TRUE,季布,FALSE
張超,FALSE,TRUE,張超,FALSE
張辟彊,FALSE,TRUE,張辟彊,FALSE
楊震,FALSE,TRUE,楊震,FALSE
甘英,FALSE,TRUE,甘英,FALSE
老上単于,FALSE,TRUE,老上単于,FALSE
衛青,FALSE,TRUE,衛青,FALSE
軍臣単于,FALSE,TRUE,軍臣単于,FALSE
劉豹_(匈奴),FALSE,TRUE,劉豹,FALSE
劉貞,FALSE,TRUE,劉貞,FALSE
夏侯嬰,FALSE,TRUE,夏侯嬰,FALSE
東方朔,FALSE,TRUE,東方朔,FALSE
袁逢,FALSE,TRUE,袁逢,FALSE
班ショウヨ,FALSE,TRUE,班倢伃,FALSE
羌渠,FALSE,TRUE,羌渠,FALSE
陸賈,FALSE,TRUE,陸賈,FALSE
トウ禹,FALSE,TRUE,鄧禹,FALSE
ヒトウ,FALSE,TRUE,邳彤,FALSE
万修,FALSE,TRUE,万修,FALSE
任光,FALSE,TRUE,任光,FALSE
劉隆,FALSE,TRUE,劉隆,FALSE
張倹_(後漢),FALSE,TRUE,張倹,FALSE
扶羅韓,FALSE,TRUE,扶羅韓,FALSE
揚雄,FALSE,TRUE,揚雄,FALSE
李忠_(漢),FALSE,TRUE,李忠,FALSE
王充,FALSE,TRUE,王充,FALSE
王覇,FALSE,TRUE,王霸,FALSE
路博徳,FALSE,TRUE,路博徳,FALSE
陳俊,FALSE,TRUE,陳俊,FALSE
陳蕃,FALSE,TRUE,陳蕃,FALSE
馬成,FALSE,TRUE,馬成,FALSE
馮異,FALSE,TRUE,馮異,FALSE
騫曼,FALSE,TRUE,騫曼,FALSE
魁頭,FALSE,TRUE,魁頭,FALSE
レキ商,FALSE,TRUE,酈商,FALSE
其至ケン,FALSE,TRUE,其至鞬,FALSE
呉漢,FALSE,TRUE,呉漢,FALSE
岑彭,FALSE,TRUE,岑彭,FALSE
朱コ,FALSE,TRUE,朱祜,FALSE
灌嬰,FALSE,TRUE,灌嬰,FALSE
申公,FALSE,TRUE,申公,FALSE
祭遵,FALSE,TRUE,祭遵,FALSE
耿エン,FALSE,TRUE,耿弇,FALSE
耿純,FALSE,TRUE,耿純,FALSE
臧宮,FALSE,TRUE,臧宮,FALSE
蓋延,FALSE,TRUE,蓋延,FALSE
韓嫣,FALSE,TRUE,韓嫣,FALSE
馬武,FALSE,TRUE,馬武,FALSE
テキ方進,FALSE,TRUE,翟方進,FALSE
トウ奉,FALSE,TRUE,鄧奉,FALSE
トウ晨,FALSE,TRUE,鄧晨,FALSE
トウ曄,FALSE,TRUE,鄧曄,FALSE
ホウ安,FALSE,TRUE,逄安,FALSE
ホウ萌,FALSE,TRUE,龐萌,FALSE
劉エン_(伯升),FALSE,TRUE,劉縯,FALSE
劉信_(汝陰侯),FALSE,TRUE,劉信,FALSE
劉嘉,FALSE,TRUE,劉嘉,FALSE
劉祉,FALSE,TRUE,劉祉,FALSE
劉紆,FALSE,TRUE,劉紆,FALSE
劉良,FALSE,TRUE,劉良,FALSE
劉賜,FALSE,TRUE,劉賜,FALSE
周建,FALSE,TRUE,周建,FALSE
孫璋,FALSE,TRUE,孫璋,FALSE
宋典,FALSE,TRUE,宋典,FALSE
廖湛,FALSE,TRUE,廖湛,FALSE
延岑,FALSE,TRUE,延岑,FALSE
張ゴウ,FALSE,TRUE,張卬,FALSE
徐宣,FALSE,TRUE,徐宣,FALSE
成丹,FALSE,TRUE,成丹,FALSE
方望,FALSE,TRUE,方望,FALSE
李宝,FALSE,TRUE,李宝,FALSE
李広利,FALSE,TRUE,李広利,FALSE
李憲_(後漢),FALSE,TRUE,李憲,FALSE
李軼,FALSE,TRUE,李軼,FALSE
李通_(次元),FALSE,TRUE,李通,FALSE
栗嵩,FALSE,TRUE,栗嵩,FALSE
樊崇,FALSE,TRUE,樊崇,FALSE
段珪,FALSE,TRUE,段珪,FALSE
王キン_(前漢),FALSE,TRUE,王訢,FALSE
王常_(後漢),FALSE,TRUE,王常,FALSE
王郎,FALSE,TRUE,王郎,FALSE
班彪,FALSE,TRUE,班彪,FALSE
田千秋,FALSE,TRUE,田千秋,FALSE
田戎,FALSE,TRUE,田戎,FALSE
申屠建,FALSE,TRUE,申屠建,FALSE
畢嵐,FALSE,TRUE,畢嵐,FALSE
秦豊_(漢),FALSE,TRUE,秦豊,FALSE
聶壱,FALSE,TRUE,聶壱,FALSE
荘尤,FALSE,TRUE,荘尤,FALSE
董憲,FALSE,TRUE,董憲,FALSE
謝禄,FALSE,TRUE,謝禄,FALSE
趙萌,FALSE,TRUE,趙萌,FALSE
郭勝,FALSE,TRUE,郭勝,FALSE
陳牧,FALSE,TRUE,陳牧,FALSE
陳茂,FALSE,TRUE,陳茂,FALSE
隗囂,FALSE,TRUE,隗囂,FALSE
韓カイ,FALSE,TRUE,韓悝,FALSE
高望,FALSE,TRUE,高望,FALSE
テキ義,FALSE,TRUE,翟義,FALSE
中行説,FALSE,TRUE,中行説,FALSE
任安,FALSE,TRUE,任安,FALSE
佼彊,FALSE,TRUE,佼彊,FALSE
劉望,FALSE,TRUE,劉望,FALSE
劉沢,FALSE,TRUE,劉沢,FALSE
劉茂_(中山王),FALSE,TRUE,劉茂,FALSE
呂鮪,FALSE,TRUE,呂鮪,FALSE
呉ゼイ,FALSE,TRUE,呉芮,FALSE
周宗,FALSE,TRUE,周宗,FALSE
尹尊,FALSE,TRUE,尹尊,FALSE
廉丹,FALSE,TRUE,廉丹,FALSE
張湯,FALSE,TRUE,張湯,FALSE
朱浮,FALSE,TRUE,朱浮,FALSE
杜周,FALSE,TRUE,杜周,FALSE
梁統,FALSE,TRUE,梁統,FALSE
楊廣,FALSE,TRUE,楊廣,FALSE
江充,FALSE,TRUE,江充,FALSE
牛邯,FALSE,TRUE,牛邯,FALSE
王元,FALSE,TRUE,王元,FALSE
王吉,FALSE,TRUE,王吉,FALSE
王尋,FALSE,TRUE,王尋,FALSE
王憲_(新),FALSE,TRUE,王憲,FALSE
王捷,FALSE,TRUE,王捷,FALSE
王章,FALSE,TRUE,王章,FALSE
王遵,FALSE,TRUE,王遵,FALSE
王駿,FALSE,TRUE,王駿,FALSE
王駿_(新),FALSE,TRUE,王駿,FALSE
甄豊,FALSE,TRUE,甄豊,FALSE
竇融,FALSE,TRUE,竇融,FALSE
董キン,FALSE,TRUE,董訢,FALSE
薄昭,FALSE,TRUE,薄昭,FALSE
行巡,FALSE,TRUE,行巡,FALSE
諸葛豊,FALSE,TRUE,諸葛豊,FALSE
謝躬,FALSE,TRUE,謝躬,FALSE
陰識,FALSE,TRUE,陰識,FALSE
霍禹,FALSE,TRUE,霍禹,FALSE
韓キン,FALSE,TRUE,韓歆,FALSE
韓説,FALSE,TRUE,韓説,FALSE
高峻,FALSE,TRUE,高峻,FALSE
丁チン,FALSE,TRUE,丁綝,FALSE
劉信_(厳郷侯),FALSE,TRUE,劉信,FALSE
劉尚,FALSE,TRUE,劉尚,FALSE
劉林,FALSE,TRUE,劉林,FALSE
劉楊,FALSE,TRUE,劉楊,FALSE
史キン,FALSE,TRUE,史歆,FALSE
宋弘,FALSE,TRUE,宋弘,FALSE
宗広,FALSE,TRUE,宗広,FALSE
宣秉,FALSE,TRUE,宣秉,FALSE
張湛,FALSE,TRUE,張湛,FALSE
張衡_(道教),FALSE,TRUE,張衡,FALSE
杜林,FALSE,TRUE,杜林,FALSE
王商_(レイ吾),FALSE,TRUE,王商,FALSE
耿況,FALSE,TRUE,耿況,FALSE
苗曽,FALSE,TRUE,苗曽,FALSE
蔡茂,FALSE,TRUE,蔡茂,FALSE
薛宣,FALSE,TRUE,薛宣,FALSE
趙憙,FALSE,TRUE,趙憙,FALSE
迦葉摩騰,FALSE,TRUE,迦葉摩騰,FALSE
郭キュウ,FALSE,TRUE,郭伋,FALSE
郭丹,FALSE,TRUE,郭丹,FALSE
隗純,FALSE,TRUE,隗純,FALSE
韓信,FALSE,TRUE,韓信,FALSE
馬何羅,FALSE,TRUE,馬何羅,FALSE
鮑永,FALSE,TRUE,鮑永,FALSE
トウ通,FALSE,TRUE,鄧通,FALSE
呼韓邪単于,FALSE,TRUE,呼韓邪単于,FALSE
宋昌,FALSE,TRUE,宋昌,FALSE
張猛,FALSE,TRUE,張猛,FALSE
張衡_(科学者),FALSE,TRUE,張衡,FALSE
楊ウン,FALSE,TRUE,楊惲,FALSE
田フン,FALSE,TRUE,田蚡,FALSE
田広明,FALSE,TRUE,田広明,FALSE
袁オウ,FALSE,TRUE,袁盎,FALSE
雍歯,FALSE,TRUE,雍歯,FALSE
亭独尸逐侯テイ単于,FALSE,TRUE,亭独尸逐侯鞮単于,FALSE
伊陵尸逐就単于,FALSE,TRUE,伊陵尸逐就単于,FALSE
去特若尸逐就単于,FALSE,TRUE,去特若尸逐就単于,FALSE
周堪,FALSE,TRUE,周堪,FALSE
呼徴,FALSE,TRUE,呼徴,FALSE
呼蘭若尸逐就単于,FALSE,TRUE,呼蘭若尸逐就単于,FALSE
安国単于,FALSE,TRUE,安国単于,FALSE
屠特若尸逐就単于,FALSE,TRUE,屠特若尸逐就単于,FALSE
支婁迦讖,FALSE,TRUE,支婁迦讖,FALSE
朱家,FALSE,TRUE,朱家,FALSE
烏稽侯尸逐テイ単于,FALSE,TRUE,烏稽侯尸逐鞮単于,FALSE
萬氏尸逐侯テイ単于,FALSE,TRUE,萬氏尸逐侯鞮単于,FALSE
車紐,FALSE,TRUE,車紐,FALSE
コウ犁湖単于,FALSE,TRUE,呴犁湖単于,FALSE
シツ支単于,FALSE,TRUE,郅支単于,FALSE
且テイ侯,FALSE,TRUE,且鞮侯,FALSE
丘浮尤テイ単于,FALSE,TRUE,丘浮尤鞮単于,FALSE
丘除車林テイ単于,FALSE,TRUE,丘除車林鞮単于,FALSE
伊伐於慮テイ単于,FALSE,TRUE,伊伐於慮鞮単于,FALSE
伊屠於閭テイ単于,FALSE,TRUE,伊屠於閭鞮単于,FALSE
休蘭尸逐侯テイ単于,FALSE,TRUE,休蘭尸逐侯鞮単于,FALSE
児単于,FALSE,TRUE,児単于,FALSE
右谷蠡王単于,FALSE,TRUE,右谷蠡王単于,FALSE
壺衍テイ単于,FALSE,TRUE,壺衍鞮単于,FALSE
於除ケン,FALSE,TRUE,於除鞬,FALSE
昆莫,FALSE,TRUE,昆莫,FALSE
李膺_(後漢),FALSE,TRUE,李膺,FALSE
橋玄,FALSE,TRUE,橋玄,FALSE
湖邪尸逐侯テイ単于,FALSE,TRUE,湖邪尸逐侯鞮単于,FALSE
烏維単于,FALSE,TRUE,烏維単于,FALSE
狐鹿姑単于,FALSE,TRUE,狐鹿姑単于,FALSE
逢侯,FALSE,TRUE,逢侯,FALSE
郭泰,FALSE,TRUE,郭泰,FALSE
醢僮尸逐侯テイ単于,FALSE,TRUE,醢僮尸逐侯鞮単于,FALSE
醢落尸逐テイ単于,FALSE,TRUE,醢落尸逐鞮単于,FALSE
須卜骨都侯単于,FALSE,TRUE,須卜骨都侯単于,FALSE
黄瓊,FALSE,TRUE,黄瓊,FALSE
黄香,FALSE,TRUE,黄香,FALSE
イクケン左賢王単于,FALSE,TRUE,薁鞬左賢王単于,FALSE
伊利目単于,FALSE,TRUE,伊利目単于,FALSE
呼掲単于,FALSE,TRUE,呼掲単于,FALSE
呼都而尸道皐若テイ単于,FALSE,TRUE,呼都而尸道皐若鞮単于,FALSE
屠耆単于,FALSE,TRUE,屠耆単于,FALSE
復株累若テイ単于,FALSE,TRUE,復株累若鞮単于,FALSE
捜諧若テイ単于,FALSE,TRUE,捜諧若鞮単于,FALSE
握衍クテイ単于,FALSE,TRUE,握衍朐鞮単于,FALSE
烏珠留若テイ単于,FALSE,TRUE,烏珠留若鞮単于,FALSE
烏累若テイ単于,FALSE,TRUE,烏累若鞮単于,FALSE
烏藉単于,FALSE,TRUE,烏藉単于,FALSE
蒲奴,FALSE,TRUE,蒲奴,FALSE
虚閭権渠単于,FALSE,TRUE,虚閭権渠単于,FALSE
車牙若テイ単于,FALSE,TRUE,車牙若鞮単于,FALSE
車犁単于,FALSE,TRUE,車犁単于,FALSE
閏振単于,FALSE,TRUE,閏振単于,FALSE
須卜単于,FALSE,TRUE,須卜単于,FALSE
司馬雋,FALSE,TRUE,司馬儁,FALSE
祖郎,FALSE,TRUE,祖郎,FALSE
劉キン_(驍騎将軍),FALSE,TRUE,劉歆,FALSE
烏達テイ侯,FALSE,TRUE,烏達鞮侯単于,FALSE
魏無知,FALSE,TRUE,魏無知,FALSE
利蒼,FALSE,TRUE,利蒼,FALSE
張挙,FALSE,TRUE,張挙,FALSE
張済_(司空),FALSE,TRUE,張済,FALSE
欧陽歙,FALSE,TRUE,欧陽歙,FALSE
王門,FALSE,TRUE,王門,FALSE
雲台二十八将,FALSE,TRUE,雲台二十八将,FALSE
耿秉,FALSE,TRUE,耿秉,FALSE
諸葛珪,FALSE,TRUE,諸葛珪,FALSE
王恢,FALSE,TRUE,王恢,FALSE
費長房_(後漢),FALSE,TRUE,費長房,FALSE
劉洪,FALSE,TRUE,劉洪,FALSE
李広,FALSE,TRUE,李広,FALSE
賈逵_(漢),FALSE,TRUE,賈逵,FALSE
王温舒,FALSE,TRUE,王温舒,FALSE
賈誼,FALSE,TRUE,賈誼,FALSE
何武,FALSE,TRUE,何武,FALSE
公孫賀,FALSE,TRUE,公孫賀,FALSE
劉元,FALSE,TRUE,劉元,FALSE
劉歙,FALSE,TRUE,劉歙,FALSE
劉永_(新朝),FALSE,TRUE,劉永,FALSE
劉稷,FALSE,TRUE,劉稷,FALSE
哀章,FALSE,TRUE,哀章,FALSE
崔発,FALSE,TRUE,崔発,FALSE
張放,FALSE,TRUE,張放,FALSE
張歩,FALSE,TRUE,張歩,FALSE
彭寵,FALSE,TRUE,彭寵,FALSE
朱鮪,FALSE,TRUE,朱鮪,FALSE
李松,FALSE,TRUE,李松,FALSE
李聖,FALSE,TRUE,李聖,FALSE
来歙,FALSE,TRUE,来歙,FALSE
楊音,FALSE,TRUE,楊音,FALSE
王匡_(更始),FALSE,TRUE,王匡,FALSE
甄阜,FALSE,TRUE,甄阜,FALSE
盧芳,FALSE,TRUE,盧芳,FALSE
胡殷,FALSE,TRUE,胡殷,FALSE
蘇茂,FALSE,TRUE,蘇茂,FALSE
枚乗,FALSE,TRUE,枚乗,FALSE
田叔,FALSE,TRUE,田叔,FALSE
鄭崇,FALSE,TRUE,鄭崇,FALSE
賈覧,FALSE,TRUE,賈覧,FALSE
張奐,FALSE,TRUE,張奐,FALSE
劉備,FALSE,TRUE,劉備,FALSE
司馬談,FALSE,TRUE,司馬談,FALSE
司馬遷,FALSE,TRUE,司馬遷,FALSE
張良,FALSE,TRUE,張良,FALSE
王莽,FALSE,TRUE,王莽,FALSE
董仲舒,FALSE,TRUE,董仲舒,FALSE
蔡倫,FALSE,TRUE,蔡倫,FALSE
冒頓単于,FALSE,TRUE,冒頓単于,FALSE
孫権,FALSE,TRUE,孫権,FALSE
李陵,FALSE,TRUE,李陵,FALSE
班固,FALSE,TRUE,班固,FALSE
班超,FALSE,TRUE,班超,FALSE
蕭何,FALSE,TRUE,蕭何,FALSE
金日テイ,FALSE,TRUE,金日磾,FALSE
霍光,FALSE,TRUE,霍光,FALSE
霍去病,FALSE,TRUE,霍去病,FALSE
韓王信,FALSE,TRUE,韓王信,FALSE
項伯,FALSE,TRUE,項伯,FALSE
盧綰,FALSE,TRUE,盧綰,FALSE
随何,FALSE,TRUE,随何,FALSE
司馬相如,FALSE,TRUE,司馬相如,FALSE
周亜夫,FALSE,TRUE,周亜夫,FALSE
樊カイ,FALSE,TRUE,樊噲,FALSE
袁安,FALSE,TRUE,袁安,FALSE
陳平,FALSE,TRUE,陳平,FALSE
劉向,FALSE,TRUE,劉向,FALSE
劉賢_(呉王世子),FALSE,TRUE,劉賢,FALSE
晁錯,FALSE,TRUE,晁錯,FALSE
曹萌,FALSE,TRUE,曹萌,FALSE
曹騰,FALSE,TRUE,曹騰,FALSE
李儒,FALSE,TRUE,李儒,FALSE
陳寔,FALSE,TRUE,陳寔,FALSE
馬援,FALSE,TRUE,馬援,FALSE
王昭君,FALSE,TRUE,王昭君,FALSE
徴姉妹,FALSE,TRUE,徴姉妹,FALSE
徐稚,FALSE,TRUE,徐稚,FALSE
曹参,FALSE,TRUE,曹参,FALSE
王鳳_(更始),FALSE,TRUE,王鳳,FALSE
梁冀,FALSE,TRUE,梁冀,FALSE
何休,FALSE,TRUE,何休,FALSE
孔安国,FALSE,TRUE,孔安国,FALSE
スイ弘,FALSE,TRUE,眭弘,FALSE
上官安,FALSE,TRUE,上官安,FALSE
主父偃,FALSE,TRUE,主父偃,FALSE
京房,FALSE,TRUE,京房,FALSE
劉喜_(驍騎将軍),FALSE,TRUE,劉喜,FALSE
卓茂,FALSE,TRUE,卓茂,FALSE
叔孫通,FALSE,TRUE,叔孫通,FALSE
叔寿,FALSE,TRUE,叔寿,FALSE
史丹,FALSE,TRUE,史丹,FALSE
呂産,FALSE,TRUE,呂産,FALSE
呂禄,FALSE,TRUE,呂禄,FALSE
孫寿,FALSE,TRUE,孫寿,FALSE
尹翁帰,FALSE,TRUE,尹翁帰,FALSE
師丹,FALSE,TRUE,師丹,FALSE
張禹,FALSE,TRUE,張禹,FALSE
張豊,FALSE,TRUE,張豊,FALSE
張釈之,FALSE,TRUE,張釈之,FALSE
彭宣,FALSE,TRUE,彭宣,FALSE
朱博,FALSE,TRUE,朱博,FALSE
朱買臣,FALSE,TRUE,朱買臣,FALSE
李尋,FALSE,TRUE,李尋,FALSE
楊敞,FALSE,TRUE,楊敞,FALSE
楊賜,FALSE,TRUE,楊賜,FALSE
王崇,FALSE,TRUE,王崇,FALSE
耿舒,FALSE,TRUE,耿舒,FALSE
范明友,FALSE,TRUE,范明友,FALSE
蔡義,FALSE,TRUE,蔡義,FALSE
蘇竟,FALSE,TRUE,蘇竟,FALSE
許広漢,FALSE,TRUE,許広漢,FALSE
趙充国,FALSE,TRUE,趙充国,FALSE
趙匡,FALSE,TRUE,趙匡,FALSE
郭涼,FALSE,TRUE,郭涼,FALSE
陳咸,FALSE,TRUE,陳咸,FALSE
馬宮,FALSE,TRUE,馬宮,FALSE
馮勤,FALSE,TRUE,馮勤,FALSE
鮑宣,FALSE,TRUE,鮑宣,FALSE
黄覇,FALSE,TRUE,黄覇,FALSE
傅喜,FALSE,TRUE,傅喜,FALSE
児寛,FALSE,TRUE,児寛,FALSE
劇孟,FALSE,TRUE,劇孟,FALSE
吾丘寿王,FALSE,TRUE,吾丘寿王,FALSE
夏侯勝,FALSE,TRUE,夏侯勝,FALSE
寧成,FALSE,TRUE,寧成,FALSE
張敖,FALSE,TRUE,張敖,FALSE
張純_(伯仁),FALSE,TRUE,張純,FALSE
息夫躬,FALSE,TRUE,息夫躬,FALSE
朱雲,FALSE,TRUE,朱雲,FALSE
李延年,FALSE,TRUE,李延年,FALSE
柴武,FALSE,TRUE,柴武,FALSE
楊僕,FALSE,TRUE,楊僕,FALSE
楊王孫,FALSE,TRUE,楊王孫,FALSE
段会宗,FALSE,TRUE,段会宗,FALSE
汲黯,FALSE,TRUE,汲黯,FALSE
淳于意,FALSE,TRUE,淳于意,FALSE
申屠嘉,FALSE,TRUE,申屠嘉,FALSE
石奮,FALSE,TRUE,石奮,FALSE
石慶,FALSE,TRUE,石慶,FALSE
終軍,FALSE,TRUE,終軍,FALSE
義縦,FALSE,TRUE,義縦,FALSE
翼奉,FALSE,TRUE,翼奉,FALSE
荘助,FALSE,TRUE,荘助,FALSE
薛広徳,FALSE,TRUE,薛広徳,FALSE
衛綰,FALSE,TRUE,衛綰,FALSE
谷永,FALSE,TRUE,谷永,FALSE
賈捐之,FALSE,TRUE,賈捐之,FALSE
路温舒,FALSE,TRUE,路温舒,FALSE
辛慶忌,FALSE,TRUE,辛慶忌,FALSE
郭欽_(新),FALSE,TRUE,郭欽,FALSE
郭解,FALSE,TRUE,郭解,FALSE
鄭弘,FALSE,TRUE,鄭弘,FALSE
鄭当時,FALSE,TRUE,鄭当時,FALSE
雋不疑,FALSE,TRUE,雋不疑,FALSE
韓安国,FALSE,TRUE,韓安国,FALSE
馮唐,FALSE,TRUE,馮唐,FALSE
馮奉世,FALSE,TRUE,馮奉世,FALSE
李固,FALSE,TRUE,李固,FALSE
周勝之,FALSE,TRUE,周勝之,FALSE
張綱,FALSE,TRUE,張綱,FALSE
上官桀,FALSE,TRUE,上官桀,FALSE
傅俊,FALSE,TRUE,傅俊,FALSE
劉植,FALSE,TRUE,劉植,FALSE
堅鐔,FALSE,TRUE,堅鐔,FALSE
弘恭,FALSE,TRUE,弘恭,FALSE
景丹,FALSE,TRUE,景丹,FALSE
杜茂,FALSE,TRUE,杜茂,FALSE
桑弘羊,FALSE,TRUE,桑弘羊,FALSE
王嘉,FALSE,TRUE,王嘉,FALSE
王梁,FALSE,TRUE,王梁,FALSE
竇憲,FALSE,TRUE,竇憲,FALSE
蕭望之,FALSE,TRUE,蕭望之,FALSE
賈復,FALSE,TRUE,賈復,FALSE
銚期,FALSE,TRUE,銚期,FALSE
韋玄成,FALSE,TRUE,韋玄成,FALSE
韋賢,FALSE,TRUE,韋賢,FALSE
魏相,FALSE,TRUE,魏相,FALSE
厳光,FALSE,TRUE,厳光,FALSE
班昭,FALSE,TRUE,班昭,FALSE
董賢,FALSE,TRUE,董賢,FALSE
伏勝,FALSE,TRUE,伏勝,FALSE
欒布,FALSE,TRUE,欒布,FALSE
于定国,FALSE,TRUE,于定国,FALSE
公孫敖,FALSE,TRUE,公孫敖,FALSE
卜式,FALSE,TRUE,卜式,FALSE
周昌,FALSE,TRUE,周昌,FALSE
張延寿,FALSE,TRUE,張延寿,FALSE
張敞,FALSE,TRUE,張敞,FALSE
李蔡,FALSE,TRUE,李蔡,FALSE
王尊,FALSE,TRUE,王尊,FALSE
田延年,FALSE,TRUE,田延年,FALSE
竇嬰,FALSE,TRUE,竇嬰,FALSE
許嘉,FALSE,TRUE,許嘉,FALSE
金安上,FALSE,TRUE,金安上,FALSE
陳万年,FALSE,TRUE,陳万年,FALSE
韓延寿,FALSE,TRUE,韓延寿,FALSE
左雄,FALSE,TRUE,左雄,FALSE
梁松,FALSE,TRUE,梁松,FALSE
連休_(鮮卑),FALSE,TRUE,連休,FALSE
郭況,FALSE,TRUE,郭況,FALSE
李旻,FALSE,TRUE,李旻,FALSE
桓焉,FALSE,TRUE,桓焉,FALSE
耿国,FALSE,TRUE,耿国,FALSE
南華老仙,FALSE,FALSE,南華老仙,TRUE
卞喜,FALSE,FALSE,卞喜,TRUE
周倉,FALSE,FALSE,周倉,TRUE
忙牙長,FALSE,FALSE,忙牙長,TRUE
方悦,FALSE,FALSE,方悦,TRUE
木鹿大王,FALSE,FALSE,木鹿大王,TRUE
武安国,FALSE,FALSE,武安国,TRUE
貂蝉,FALSE,FALSE,貂蝉,TRUE
金環三結,FALSE,FALSE,金環三結,TRUE
鞏志,FALSE,FALSE,鞏志,TRUE
ケイ道栄,FALSE,FALSE,邢道栄,TRUE
トウ茂,FALSE,FALSE,鄧茂,TRUE
兀突骨,FALSE,FALSE,兀突骨,TRUE
夏侯恩,FALSE,FALSE,夏侯恩,TRUE
孟優,FALSE,FALSE,孟優,TRUE
帯来洞主,FALSE,FALSE,帯来洞主,TRUE
楊齢,FALSE,FALSE,楊齢,TRUE
董荼那,FALSE,FALSE,董荼那,TRUE
蔡中,FALSE,FALSE,蔡中,TRUE
蔡和,FALSE,FALSE,蔡和,TRUE
譚雄,FALSE,FALSE,譚雄,TRUE
阿会喃,FALSE,FALSE,阿会喃,TRUE
陳応,FALSE,FALSE,陳応,TRUE
韓徳,FALSE,FALSE,韓徳,TRUE
鮑隆,FALSE,FALSE,鮑隆,TRUE
黄奎,FALSE,FALSE,黄奎,TRUE
夏侯傑,FALSE,FALSE,夏侯傑,TRUE
夏侯存,FALSE,FALSE,夏侯存,TRUE
夏侯徳,FALSE,FALSE,夏侯徳,TRUE
孟節,FALSE,FALSE,孟節,TRUE
晏明,FALSE,FALSE,晏明,TRUE
楊松,FALSE,FALSE,楊松,TRUE
胡班,FALSE,FALSE,胡班,TRUE
越吉,FALSE,FALSE,越吉,TRUE
趙岑,FALSE,FALSE,趙岑,TRUE
周善,FALSE,FALSE,周善,TRUE
朶思大王,FALSE,FALSE,朶思大王,TRUE
孔秀,FALSE,FALSE,孔秀,TRUE
孟坦,FALSE,FALSE,孟坦,TRUE
徐康,FALSE,FALSE,徐康,TRUE
徹里吉,FALSE,FALSE,徹里吉,TRUE
楊鋒,FALSE,FALSE,楊鋒,TRUE
裴元紹,FALSE,FALSE,裴元紹,TRUE
雅丹,FALSE,FALSE,雅丹,TRUE
顎煥,FALSE,FALSE,顎煥,TRUE
キョウ景,FALSE,FALSE,龔景,TRUE
兪渉,FALSE,FALSE,兪渉,TRUE
八健将,FALSE,FALSE,八健将,TRUE
李珪,FALSE,FALSE,李珪,TRUE
荀正,FALSE,FALSE,荀正,TRUE
蔡勲,FALSE,FALSE,蔡勲,TRUE
陳横,FALSE,FALSE,陳横,TRUE
劉安_(三国志演義),FALSE,FALSE,劉安,TRUE
普浄,FALSE,FALSE,普浄,TRUE
王植,FALSE,FALSE,王植,TRUE
紫虚上人,FALSE,FALSE,紫虚上人,TRUE
鄭文,FALSE,FALSE,鄭文,TRUE
劉賢_(演義),FALSE,FALSE,劉賢,TRUE
宗宝,FALSE,FALSE,宗宝,TRUE
崔勇,FALSE,FALSE,崔勇,TRUE
戈定,FALSE,FALSE,戈定,TRUE
王垢,FALSE,FALSE,王垕,TRUE
盧遜,FALSE,FALSE,盧遜,TRUE
祝融夫人,FALSE,FALSE,祝融夫人,TRUE
秦キ,FALSE,FALSE,秦琪,TRUE
秦慶童,FALSE,FALSE,秦慶童,TRUE
秦良,FALSE,FALSE,秦良,TRUE
穆順,FALSE,FALSE,穆順,TRUE
苟安,FALSE,FALSE,苟安,TRUE
賈華,FALSE,FALSE,賈華,TRUE
辛明_(演義),FALSE,FALSE,辛明,TRUE
鍾進,FALSE,FALSE,鍾進,TRUE
韓福,FALSE,FALSE,韓福,TRUE
鮑忠,FALSE,FALSE,鮑忠,TRUE
慕容烈,FALSE,FALSE,慕容烈,TRUE
岑威,FALSE,FALSE,岑威,TRUE
張普,FALSE,FALSE,張普,TRUE
楊済,FALSE,FALSE,楊済,TRUE
孫冀,FALSE,FALSE,孫冀,TRUE
崔禹,FALSE,FALSE,崔禹,TRUE
関索,FALSE,FALSE,関索,TRUE
党均,FALSE,FALSE,党均,TRUE
厳政,FALSE,FALSE,厳政,TRUE
潘鳳,FALSE,FALSE,潘鳳,TRUE
程遠志,FALSE,FALSE,程遠志,TRUE
