name_id,link
黯奴,NA
呉敦,k.html#Go-Ton
伊籍,shu8.html#I-Seki
陰化,a.html#In-Ka1
尹楷,a.html#In-Kai1
陰夔,a.html#In-Ki1
殷署,a.html#In-Sho
尹黙,shu12.html#In-Moku
尹礼,a.html#In-Rei
尹盧,a.html#In-Ro
尹礼,a.html#In-Rei
烏延,a.html#Uen1
于禁,wei17.html#U-Kin
于毒,a.html#U-Doku
衛演,a.html#Ei-En1
嬰子,NA
孫観,s.html#Son-Kan
衛茲,a.html#Ei-Ji
潁容,a.html#Ei-You1
閻宇,a.html#En-U
閻豔,a.html#En-En
閻行,a.html#En-Kou
閻行,a.html#En-Kou
袁嗣,a.html#En-Shi1
袁術,NA
袁叙,a.html#En-Jo1
袁術,NA
袁譚,a.html#En-Tan1
閻忠,a.html#En-Chuu1
袁霸,a.html#En-Ha1
袁買,a.html#En-Bai1
閻圃,a.html#En-Ho1
袁約,a.html#En-Yaku
王威,a.html#Ou-I1
王異,fem.html#Ou-I1
王允,han.html#Ou-In1
王楷,a.html#Ou-Kai1
王含,a.html#Ou-Gan1
王匡,a.html#Ou-Kyou
王建,a.html#Ou-Ken1
王宏,a.html#Ou-Kou1
王思,a.html#Ou-Shi
王儁,a.html#Ou-Shun1
王商,a.html#Ou-Shou1
王象,a.html#Ou-Shou2
王忠,a.html#Ou-Chuu1
王必,a.html#Ou-Hitsu
王平,shu13.html#Ou-Hei
王甫,a.html#Ou-Ho1
王方,a.html#Ou-Hou1
王摩,a.html#Ou-Ma1
王門,a.html#Ou-Mon1
王邑,a.html#Ou-Yuu1
応余,a.html#Ou-Yo1
王林,a.html#Ou-Rin1
王累,a.html#Ou-Rui1
王連,shu11.html#Ou-Ren
於夫羅,a.html#Ofura
於扶羅,NA
於夫羅,a.html#Ofura
蒯越,k.html#Kai-Etsu1
蒯祺,k.html#Kai-Ki1
蒯良,k.html#Kai-Ryou1
何顒,han.html#Ka-Gyou1
郭援,k.html#Kaku-En
郝凱,k.html#Kaku-Gai1
楽何当,k.html#Gaku-Katou1
郭汜,k.html#Kaku-Shi1
霍峻,shu11.html#Kaku-Shun
郝昭,k.html#Kaku-Shou2
郭昭,k.html#Kaku-Shou1
楽進,wei17.html#Gaku-Shin
郭祖,k.html#Kaku-So
郭多,k.html#Kaku-Ta1
郭汜,k.html#Kaku-Shi1
楽綝,k.html#Gaku-Chin1
郭図,k.html#Kaku-To1
霍奴,k.html#Kaku-Do1
郭氾,k.html#Kaku-Han1
郭汜,k.html#Kaku-Shi1
郝萌,k.html#Kaku-Bou1
郭攸之,k.html#Kaku-Yuushi1
賈洪,k.html#Ka-Kou1
夏侯淵,wei9.html#Kakou-En
夏侯恵,k.html#Kakou-Kei1
夏侯儒,k.html#Kakou-Ju1
夏侯惇,wei9.html#Kakou-Ton
夏昭,k.html#Ka-Shou1
賈信,k.html#Ka-Shin
何攀,jin.html#Ka-Han
賈範,k.html#Ka-Han1
何平,k.html#Ka-Hei
王平,shu13.html#Ou-Hei
何茂,k.html#Ka-Bou1
華雄,k.html#Ka-Yuu1
葉雄,s.html#Shou-Yuu1
関羽,shu6.html#Kan-U
管亥,k.html#Kan-Gai1
桓礹,k.html#Kan-Gan1
桓曄,k.html#Kan-You1
韓揆,k.html#Kan-Ki1
韓莒子,k.html#Kan-Kyoshi1
桓厳,k.html#Kan-Gen1
桓曄,k.html#Kan-You1
桓儼,k.html#Kan-Gen2
桓曄,k.html#Kan-You1
韓玄,k.html#Kan-Gen
韓珩,k.html#Kan-Kou1
韓浩,k.html#Kan-Kou2
韓若,k.html#Kan-Jaku1
韓猛,k.html#Kan-Mou1
韓猛,k.html#Kan-Mou1
関純,k.html#Kan-Jun2
閔純,h.html#Bin-Jun1
韓荀,k.html#Kan-Jun1
韓猛,k.html#Kan-Mou1
管承,k.html#Kan-Shou
韓韶,han.html#Kan-Shou1
簡将軍,NA
簡雍,shu8.html#Kan-You
韓遂,k.html#Kan-Sui1
韓嵩,k.html#Kan-Suu1
関靖,k.html#Kan-Sei1
韓暹,k.html#Kan-Sen
綸直,k.html#Kan-Choku1
綸直,r.html#Rin-Choku1
桓典,k.html#Kan-Ten1
韓当,wu10.html#Kan-Tou
管統,k.html#Kan-Tou
甘寧,wu10.html#Kan-Nei
韓範,k.html#Kan-Han1
韓馥,k.html#Kan-Fuku
韓猛,k.html#Kan-Mou1
韓約,k.html#Kan-Yaku1
韓遂,k.html#Kan-Sui1
韓攸,NA
韓韶,han.html#Kan-Shou1
桓曄,k.html#Kan-You1
簡雍,shu8.html#Kan-You
顔良,k.html#Gan-Ryou1
魏越,k.html#Gi-Etsu1
魏延,shu10.html#Gi-En
麴義,k.html#Kiku-Gi
戯志才,k.html#Gi-Shisai1
紀騭,k.html#Ki-Shitsu1
紀陟,k.html#Ki-Choku1
魏続,k.html#Gi-Shoku1
魏続,k.html#Gi-Zoku1
魏続,k.html#Gi-Shoku1
紀陟,k.html#Ki-Choku1
魏諷,k.html#Gi-Fuu1
魏攸,k.html#Gi-Yuu1
牛蓋,k.html#Gyuu-Gai
朱蓋,s.html#Shu-Gai
牛金,k.html#Gyuu-Kin
牛輔,k.html#Gyuu-Ho
季雍,k.html#Ki-You1
橋蕤,k.html#Kyou-Zui1
喬蕤,k.html#Kyou-Zui2
橋蕤,k.html#Kyou-Zui1
許汜,k.html#Kyo-Shi1
許攸,k.html#Kyo-Yuu1
姜維,shu14.html#Kyou-I
姜合,k.html#Kyou-Gou1
許儀,k.html#Kyo-Gi1
許慈,shu12.html#Kyo-Ji
許靖,shu8.html#Kyo-Sei
許綜,k.html#Kyo-Sou1
許褚,wei18.html#Kyo-Cho
許定,k.html#Kyo-Tei1
去卑,k.html#Kyohi1
紀亮,k.html#Ki-Ryou1
紀霊,k.html#Ki-Rei1
靳詳,k.html#Kin-Shou1
金旋,k.html#Kin-Sen
虞羡,k.html#Gu-I1
畦固,k.html#Kei-Ko1
眭固,s.html#Sui-Ko1
郄慮,k.html#Keki-Ryo1
郗慮,t.html#Chi-Ryo1
郤正,shu12.html#Geki-Sei
厳顔,k.html#Gen-Gan
厳綱,k.html#Gen-Kou1
厳象,k.html#Gen-Shou
厳像,k.html#Gen-Zou
厳象,k.html#Gen-Shou
呉懿,k.html#Go-I
呉壱,k.html#Go-Itsu
呉壱,k.html#Go-Itsu
耿彧,NA
耿武,k.html#Kou-Bu1
黄射,k.html#Kou-Eki1
高焉,k.html#Kou-En1
黄琬,han.html#Kou-En
侯音,k.html#Kou-On
侯諧,k.html#Kou-Kai1
黄蓋,wu10.html#Kou-Gai
高奐,k.html#Kou-Kan1
高覧,k.html#Kou-Ran1
高幹,k.html#Kou-Kan
黄権,shu13.html#Kou-Ken
黄射,NA
黄射,k.html#Kou-Eki1
浩周,k.html#Kou-Shuu1
高順,k.html#Kou-Jun1
高翔,k.html#Kou-Shou2
呂翔,r.html#Ryo-Shou1
黄承彦,k.html#Kou-Shougen
侯成,k.html#Kou-Sei1
侯選,k.html#Kou-Sen1
黄祖,k.html#Kou-So
公孫越,k.html#Kouson-Etsu1
公孫紀,k.html#Kouson-Ki1
公孫続,k.html#Kouson-Zoku1
公孫犢,k.html#Kouson-Toku
公孫範,k.html#Kouson-Han1
高岱,k.html#Kou-Tai1
康泰,k.html#Kou-Tai2
黄忠,shu6.html#Kou-Chuu
高定,k.html#Kou-Tei
高定元,k.html#Kou-Teigen
高定元,k.html#Kou-Teigen
高沛,k.html#Kou-Hai1
高蕃,k.html#Kou-Han1
高蕃,NA
高蕃,k.html#Kou-Han1
勾扶,k.html#Kou-Fu2
句扶,k.html#Kou-Fu1
句扶,k.html#Kou-Fu1
耿武,k.html#Kou-Bu1
耿包,k.html#Kou-Hou2
耿苞,k.html#Kou-Hou1
耿苞,k.html#Kou-Hou1
皇甫晏,k.html#Kouho-An1
皇甫嵩,han.html#Kouho-Suu
耿雍,NA
簡雍,shu8.html#Kan-You
高覧,k.html#Kou-Ran1
黄龍羅,k.html#Kouryou-Ra1
呉匡,k.html#Go-Kyou1
谷朗,k.html#Koku-Rou1
伍瓊,k.html#Go-Kei1
伍瓊,k.html#Go-Kei2
伍孚,k.html#Go-Fu1
吾彦,jin.html#Go-Gen
壺寿,k.html#Ko-Ju1
胡脩,k.html#Ko-Shuu
胡遵,k.html#Ko-Jun1
胡軫,k.html#Ko-Shin
胡种,k.html#Ko-Chuu1
狐忠,k.html#Ko-Chuu2
馬忠,shu13.html#Ba-Chuu
狐篤,k.html#Ko-Toku
馬忠,shu13.html#Ba-Chuu
呉敦,k.html#Go-Ton
呉班,k.html#Go-Han1
伍孚,k.html#Go-Fu1
胡奮,jin.html#Ko-Fun
胡封,k.html#Ko-Hou1
呉蘭,k.html#Go-Ran1
崔巨業,s.html#Sai-Kyogyou1
崔鈞,s.html#Sai-Kin
崔州平,s.html#Sai-Shuuhei
蔡琰,fem.html#Sai-En1
蔡琰,s.html#Sai-En1
蔡瓚,s.html#Sai-San1
蔡風,s.html#Sai-Fuu2
蔡諷,s.html#Sai-Fuu1
蔡方,s.html#Sai-Hou1
蔡瑁,s.html#Sai-Bou
左慈,han.html#Sa-Ji1
爨習,s.html#San-Shuu
史渙,s.html#Shi-Kan1
師宜官,s.html#Shi-Gikan1
史侯,others.html#Shikou1
師纂,s.html#Shi-San
史招,s.html#Shi-Shou1
士仁,s.html#Shi-Jin
司馬徽,s.html#Shiba-Ki1
司馬勝之,s.html#Shiba-Shoushi1
司馬朗,wei15.html#Shiba-Rou
車胄,s.html#Sha-Chuu1
習宇,s.html#Shuu-U1
習温,s.html#Shuu-On1
周羣,shu12.html#Shuu-Gun
習宏,s.html#Shuu-Kou1
周処,jin.html#Shuu-Sho
周慎,s.html#Shuu-Shin1
周泰,wu10.html#Shuu-Tai
習珍,s.html#Shuu-Chin1
周毖,s.html#Shuu-Hi1
周毖,s.html#Shuu-Hi2
周珌,s.html#Shuu-Hitsu1
周珌,s.html#Shuu-Hitsu1
周不疑,s.html#Shuu-Fugi1
周勃,s.html#Shuu-Botsu1
朱応,s.html#Shu-Ou1
朱蓋,s.html#Shu-Gai
朱漢,s.html#Shu-Kan1
宿舒,s.html#Shuku-Jo1
朱鑠,s.html#Shu-Shaku1
朱術,s.html#Shu-Jutsu1
朱雋,NA
朱儁,han.html#Shu-Shun1
朱儁,han.html#Shu-Shun1
朱褒,s.html#Shu-Hou
朱霊,s.html#Shu-Rei
荀諶,s.html#Jun-Shin1
淳于瓊,s.html#Junu-Kei1
淳于仲簡,s.html#Junu-Chuukan1
淳于瓊,s.html#Junu-Kei1
蔣琬,shu14.html#Shou-En
昌豨,s.html#Shou-Ki
蔣奇,s.html#Shou-Ki2
蔣義渠,s.html#Shou-Gikyo
焦矯,s.html#Shou-Kyou1
焦征羌,s.html#Shou-Seikyou1
蔣欽,wu10.html#Shou-Kin
蔣珩,s.html#Shou-Kou1
蕭建,s.html#Shou-Ken1
譙周,shu12.html#Shou-Shuu
蔣舒,s.html#Shou-Jo1
焦触,s.html#Shou-Shoku1
焦征羌,s.html#Shou-Seikyou1
昌霸,s.html#Shou-Ha
昌豨,s.html#Shou-Ki
向雄,jin.html#Shou-Yuu
葉雄,s.html#Shou-Yuu1
向朗,shu11.html#Shou-Rou
焦和,s.html#Shou-Wa
徐栄,s.html#Jo-Ei
諸葛緒,s.html#Shokatsu-Sho1
諸葛靚,s.html#Shokatsu-Sei1
徐璆,han.html#Jo-Kyuu1
徐勛,s.html#Jo-Kun1
徐晃,wei17.html#Jo-Kou
沮鵠,s.html#Sho-Koku1
沮授,s.html#Sho-Ju1
徐商,s.html#Jo-Shou2
舒邵,s.html#Jo-Shou1
徐盛,wu10.html#Jo-Sei
舒仲応,s.html#Jo-Chuuou1
徐登,han.html#Jo-Tou1
審栄,s.html#Shin-Ei1
沈瑩,s.html#Shin-Ei2
秦誼,s.html#Shin-Gi1
秦頡,NA
秦頡,s.html#Shin-Ketsu1
秦宜禄,s.html#Shin-Giroku
秦頡,s.html#Shin-Ketsu1
秦秀,jin.html#Shin-Shuu
岑述,s.html#Shin-Jutsu1
秦松,s.html#Shin-Shou1
審配,s.html#Shin-Pai1
秦宓,shu8.html#Shin-Bitsu
辛評,s.html#Shin-Pyou1
任約,s.html#Jin-Yaku1
袁約,a.html#En-Yaku
任覧,s.html#Jin-Ran1
秦朗,s.html#Shin-Rou
眭元進,s.html#Sui-Genshin1
睢元進,s.html#Sui-Genshin2
眭元進,s.html#Sui-Genshin1
眭固,s.html#Sui-Ko1
鄒岐,s.html#Suu-Ki1
鄒靖,s.html#Suu-Sei1
鄒丹,s.html#Suu-Tan1
成何,s.html#Sei-Ka1
成宜,s.html#Sei-Gi1
成公英,s.html#Seikou-Ei
成廉,s.html#Sei-Ren1
斉周,s.html#Sei-Shuu1
石苞,jin.html#Seki-Hou
薛瑩,s.html#Setsu-Ei1
薛夏,s.html#Setsu-Ka1
薛珝,s.html#Setsu-Ku1
薛悌,s.html#Setsu-Tei1
薛蘭,s.html#Setsu-Ran1
薛礼,s.html#Setsu-Rei1
鮮于銀,s.html#Senu-Gin1
鮮于丹,s.html#Senu-Tan1
鮮于輔,s.html#Senu-Ho1
単経,s.html#Zen-Kei1
宋遠,s.html#Sou-En1
宋果,s.html#Sou-Ka
宋果,s.html#Sou-Ka2
宋金生,s.html#Sou-Kinsei1
宋憲,s.html#Sou-Ken2
宋謙,s.html#Sou-Ken1
曹宏,s.html#Sou-Kou1
曹洪,wei9.html#Sou-Kou
曹純,s.html#Sou-Shun1
宗承,s.html#Sou-Shou1
曹仁,wei9.html#Sou-Jin
曹性,s.html#Sou-Sei1
曹節,s.html#Sou-Setsu1
曹萌,s.html#Sou-Bou1
曹節,fem.html#Sou-Setsu1
臧宣,s.html#Sou-Sen
臧霸,wei18.html#Sou-Ha
臧霸,wei18.html#Sou-Ha
曹豹,s.html#Sou-Hyou2
曹萌,s.html#Sou-Bou1
宗預,shu15.html#Sou-Yo
宋翼,s.html#Sou-Yoku
速附丸,s.html#Sokufugan1
蘇僕延,s.html#Sobokuen1
速僕丸,s.html#Sokubokugan1
蘇僕延,s.html#Sobokuen1
蘇固,s.html#So-Ko1
沮鵠,NA
沮鵠,s.html#Sho-Koku1
沮授,NA
沮授,s.html#Sho-Ju1
蘇非,s.html#So-Hi2
蘇飛,s.html#So-Hi1
祖茂,s.html#So-Bou1
蘇僕延,s.html#Sobokuen1
祖茂,NA
祖茂,s.html#So-Bou1
蘇由,s.html#So-Yuu1
祖郎,s.html#So-Rou1
孫乾,NA
孫乾,shu8.html#Son-Ken
孫観,s.html#Son-Kan
孫瑾,s.html#Son-Kin1
孫乾,shu8.html#Son-Ken
孫康,s.html#Son-Kou
孫鑠,s.html#Son-Shaku1
孫劭,s.html#Son-Shou2
孫邵,s.html#Son-Shou1
孫邵,s.html#Son-Shou1
孫紹,s.html#Son-Shou3
孫邵,s.html#Son-Shou1
孫綜,s.html#Son-Sou1
孫夫人,fem.html#Son-Fujin1
孫狼,s.html#Son-Rou1
単経,t.html#Tan-Kei1
単経,s.html#Zen-Kei1
段煨,t.html#Dan-Wai
种劭,han.html#Chuu-Shou
种払,han.html#Chuu-Futsu
趙韙,t.html#Chou-I
趙昱,t.html#Chou-Iku1
張逸,t.html#Chou-Itsu1
張允,t.html#Chou-In
張允,t.html#Chou-In2
趙雲,shu6.html#Chou-Un
張裔,shu11.html#Chou-Ei
張衛,t.html#Chou-Ei1
趙穎,t.html#Chou-Ei
趙韙,t.html#Chou-I
趙叡,t.html#Chou-Ei2
張懌,t.html#Chou-Eki
張琰,t.html#Chou-En
張横,t.html#Chou-Ou1
張温,t.html#Chou-On
張岐,t.html#Chou-Ki1
張顗,t.html#Chou-Gi1
張嶷,t.html#Chou-Gi2
張嶷,shu13.html#Chou-Gyoku
張休,t.html#Chou-Kyuu1
張嶷,shu13.html#Chou-Gyoku
張勲,t.html#Chou-Kun1
張景明,t.html#Chou-Keimei1
張導,t.html#Chou-Dou1
張固,t.html#Chou-Ko1
張広,t.html#Chou-Kou1
張郃,wei17.html#Chou-Kou
張横,NA
張横,t.html#Chou-Ou1
張衡,t.html#Chou-Kou2
張済,NA
張済,t.html#Chou-Sei2
趙莋,t.html#Chou-Saku1
趙筰,t.html#Chou-Saku2
趙筰,t.html#Chou-Saku2
張瓚,t.html#Chou-San1
張修,NA
張脩,t.html#Chou-Shuu1
張脩,t.html#Chou-Shuu1
張松,t.html#Chou-Shou1
張春華,fem.html#Chou-Shunka1
趙庶,t.html#Chou-Sho1
張任,t.html#Chou-Jin1
趙嵩,t.html#Chou-Suu1
張晟,t.html#Chou-Sei1
張白騎,t.html#Chou-Hakki
張済,t.html#Chou-Sei2
張盛,t.html#Chou-Sei3
張羨,t.html#Chou-Sen
張超,t.html#Chou-Chou1
張導,t.html#Chou-Dou1
張道陵,t.html#Chou-Douryou1
張陵,t.html#Chou-Ryou1
趙犢,k.html#Chou-Toku1
張南,t.html#Chou-Nan1
張南,t.html#Chou-Nan2
張邈,t.html#Chou-Baku1
張白騎,t.html#Chou-Hakki
趙範,t.html#Chou-Han1
張飛,shu6.html#Chou-Hi
張微,t.html#Chou-Bi1
趙浮,t.html#Chou-Fu
張富,t.html#Chou-Fuu1
趙炳,t.html#Chou-Hei1
張裕,t.html#Chou-Yuu
張翼,shu15.html#Chou-Yoku
張遼,wei17.html#Chou-Ryou
張陵,t.html#Chou-Ryou1
趙累,t.html#Chou-Rui1
張魯母,fem.html#Chou-Ro-Haha1
郗慮,t.html#Chi-Ryo1
陳瑀,t.html#Chin-U
陳簡,t.html#Chin-Kan1
陳蘭,t.html#Chin-Ran
陳紀,t.html#Chin-Ki1
陳宮,t.html#Chin-Kyuu1
陳祗,t.html#Chin-Shi
陳震,shu9.html#Chin-Shin
陳端,t.html#Chin-Tan1
陳調,t.html#Chin-Chou1
陳武,wu10.html#Chin-Bu
陳蘭,t.html#Chin-Ran
鄭益,t.html#Tei-Eki1
鄭益恩,t.html#Tei-Ekion1
鄭益恩,t.html#Tei-Ekion1
程奐,t.html#Tei-Kan
程喜,t.html#Tei-Ki
鄭岐,t.html#Tei-Ki2
鄒岐,s.html#Suu-Ki1
鄭元釁,t.html#Tei-Genkin1
鄭子羣,t.html#Tei-Shigun1
程緒,t.html#Tei-Sho1
鄭小同,t.html#Tei-Shoudou1
鄭宗伯,t.html#Tei-Souhaku1
鄭他,t.html#Tei-Ta1
鄭度,t.html#Tei-Taku1
鄭度,t.html#Tei-Do1
鄭度,t.html#Tei-Do1
程普,wu10.html#Tei-Fu
丁奉,wu10.html#Tei-Hou
典韋,wei18.html#Ten-I
田揩,t.html#Den-Kai1
田楷,t.html#Den-Kai2
田楷,t.html#Den-Kai2
田豊,t.html#Den-Hou1
董允,shu9.html#Tou-In
董越,t.html#Tou-Etsu1
鄧義,NA
鄧羲,t.html#Tou-Gi1
鄧羲,t.html#Tou-Gi1
陶謙,t.html#Tou-Ken1
鄧賢,t.html#Tou-Ken2
唐固,t.html#Tou-Ko1
統衡,t.html#Tou-Kou2
董衡,t.html#Tou-Kou1
陶璜,jin.html#Tou-Kou
董侯,others.html#Toukou1
董衡,t.html#Tou-Kou1
統超,t.html#Tou-Chou2
董超,t.html#Tou-Chou1
董朝,t.html#Tou-Chou3
董超,t.html#Tou-Chou1
鄧芝,shu15.html#Tou-Shi
唐咨,t.html#Tou-Shi
董襲,wu10.html#Tou-Shuu
滕脩,jin.html#Tou-Shuu
陶升,t.html#Tou-Shou3
董承,t.html#Tou-Shou
鄧升,t.html#Tou-Shou2
鄧展,t.html#Tou-Ten1
董白,fem.html#Tou-Haku1
東里袞,t.html#Touri-Kon
董和,shu9.html#Tou-Wa
杜濩,NA
杜濩,t.html#To-Ko
杜瓊,shu12.html#To-Kei
杜濩,t.html#To-Ko
奴寇,NA
臧霸,wei18.html#Sou-Ha
杜微,shu12.html#To-Bi
那楼,n.html#Narou1
難楼,n.html#Nanrou1
梅乾,h.html#Bai-Ken
梅成,h.html#Bai-Sei
裴茂,h.html#Hai-Bou1
馬延,h.html#Ba-En1
馬玩,h.html#Ba-Gan1
馬子碩,h.html#Ba-Shiseki1
馬平,h.html#Ba-Hei
馬謖,h.html#Ba-Shoku1
馬岱,h.html#Ba-Tai
馬忠,shu13.html#Ba-Chuu
馬超,shu6.html#Ba-Chou
馬騰,h.html#Ba-Tou1
馬道嵩,h.html#Ba-Dousuu1
馬平,h.html#Ba-Hei
馬隆,jin.html#Ba-Ryuu
馬良,shu9.html#Ba-Ryou
白繞,h.html#Haku-Jou1
氾嶷,h.html#Han-Gyoku2
汎嶷,h.html#Han-Gyoku1
汎嶷,h.html#Han-Gyoku1
樊氏,fem.html#Han-Shi1
潘璋,wu10.html#Han-Shou
樊伷,h.html#Han-Chuu2
樊胄,h.html#Han-Chuu3
樊伷,h.html#Han-Chuu2
樊稠,h.html#Han-Chuu1
范方,h.html#Han-Hou1
費禕,shu14.html#Hi-I
卑衍,h.html#Hi-En1
費観,h.html#Hi-Kan1
費瓘,h.html#Hi-Kan2
費観,h.html#Hi-Kan1
費詩,shu11.html#Hi-Shi
麋竺,shu8.html#Bi-Jiku
費仁,h.html#Hi-Jin1
費観,h.html#Hi-Kan1
畢盛,h.html#Hitsu-Sei1
畢瑜,h.html#Hitsu-Yu1
尾敦,h.html#Bi-Ton1
費伯仁,h.html#Hi-Hakujin1
費観,h.html#Hi-Kan1
麋芳,h.html#Bi-Hou
閔純,h.html#Bin-Jun1
馮孚,h.html#Fuu-Fu1
李孚,r.html#Ri-Fu1
馮習,h.html#Fuu-Shuu1
馮礼,h.html#Fuu-Rei1
武陔,jin.html#Bu-Gai
傅幹,h.html#Fu-Kan1
服虔,h.html#Fuku-Ken1
傅羣,h.html#Fu-Gun
朴胡,h.html#Fu-Ko
傅士仁,h.html#Fu-Shijin1
士仁,s.html#Shi-Jin
武周,h.html#Bu-Shuu1
傅燮,han.html#Fu-Shou
武韶,h.html#Bu-Shou1
傅僉,h.html#Fu-Sen1
傅著,h.html#Fu-Cho1
普富盧,h.html#Fufuuro1
傅募,h.html#Fu-Bo1
傅方,h.html#Fu-Hou
武茂,h.html#Bu-Bou1
傅肜,h.html#Fu-Yuu1
文鴦,h.html#Bun-Ou1
文俶,h.html#Bun-Shuku1
文醜,h.html#Bun-Shuu1
文俶,h.html#Bun-Shuku1
文淑,h.html#Bun-Shuku2
文俶,h.html#Bun-Shuku1
文則,h.html#Bun-Soku1
文聘,wei18.html#Bun-Pei
文立,jin.html#Bun-Ritsu
平漢,h.html#Heikan1
陶升,t.html#Tou-Shou3
逢紀,h.html#Hou-Ki1
龐羲,h.html#Hou-Gi
彭参,h.html#Hou-Shin2
鮑信,h.html#Hou-Shin1
法正,shu7.html#Hou-Sei
龐統,shu7.html#Hou-Tou
龐悳,wei18.html#Hou-Toku
法雄,han.html#Hou-Yuu1
彭羕,shu10.html#Hou-You
輔匡,h.html#Ho-Kyou
蒲元,h.html#Ho-Gen1
歩闡,h.html#Ho-Sen1
北宮玉,h.html#Hokkyuu-Gyoku
北宮伯玉,h.html#Hokkyuu-Hakugyoku
北宮伯玉,h.html#Hokkyuu-Hakugyoku
朴胡,NA
朴胡,h.html#Fu-Ko
攴胡赤児,NA
夢梅居士,m.html#Mubaikoji1
婁圭,r.html#Rou-Kei
孟琰,m.html#Mou-En1
孟獲,m.html#Mou-Kaku
孟建,m.html#Mou-Ken
孟光,shu12.html#Mou-Kou
孟岱,m.html#Mou-Tai
孟達,m.html#Mou-Tatsu1
游楚,y.html#Yuu-So1
楊懐,y.html#You-Kai1
雍闓,y.html#You-Kai
楊羲,NA
楊戯,shu15.html#You-Gi
楊儀,shu10.html#You-Gi
楊戯,shu15.html#You-Gi
姚貢,y.html#You-Kou2
楊弘,y.html#You-Kou3
楊洪,shu11.html#You-Kou
楊昂,y.html#You-Kou1
楊秋,y.html#You-Shuu1
楊任,y.html#You-Jin1
姚静,y.html#You-Sei1
楊整脩,y.html#You-Seishuu1
楊定,y.html#You-Tei
楊祚,y.html#You-So1
楊大将,y.html#You-Taishou1
楊弘,y.html#You-Kou3
楊定,y.html#You-Tei
楊沛,y.html#You-Hai1
楊白,y.html#You-Haku1
楊帛,y.html#You-Haku2
楊帛,y.html#You-Haku2
楊奉,y.html#You-Hou
楊慮,y.html#You-Ryo1
雷緒,r.html#Rai-Sho
雷同,r.html#Rai-Dou1
雷銅,r.html#Rai-Dou2
雷銅,r.html#Rai-Dou2
雷薄,r.html#Rai-Haku
来敏,shu12.html#Rai-Bin
李異,r.html#Ri-I
李意其,r.html#Ri-Iki2
李意期,r.html#Ri-Iki1
李意期,r.html#Ri-Iki1
李移子,r.html#Ri-Ishi1
李恢,shu13.html#Ri-Kai
李恢,r.html#Ri-Kai
李義,r.html#Ri-Gi
李傕,r.html#Ri-Kaku
李堪,r.html#Ri-Kan1
李義,r.html#Ri-Gi
李休,r.html#Ri-Kyuu1
李厳,shu10.html#Ri-Gen
李衡,r.html#Ri-Kou1
李儒,r.html#Ri-Ju1
李鄒,r.html#Ri-Shuu1
李粛,r.html#Ri-Shuku1
李述,NA
李術,r.html#Ri-Jutsu
李術,r.html#Ri-Jutsu
李順,NA
李粛,r.html#Ri-Shuku1
李続,r.html#Ri-Shoku1
李進,r.html#Ri-Shin1
李譔,shu12.html#Ri-Sen
李続,r.html#Rou-Zoku1
李続,r.html#Ri-Shoku1
李通,NA
李通,wei18.html#Ri-Tou
栗成,r.html#Ritsu-Sei1
栗攀,r.html#Ritsu-Han1
栗成,r.html#Ritsu-Sei1
李典,wei18.html#Ri-Ten
李通,wei18.html#Ri-Tou
李旻,r.html#Ri-Bin
李孚,r.html#Ri-Fu1
李伏,r.html#Ri-Fuku1
李平,r.html#Ri-Hei
李厳,shu10.html#Ri-Gen
李封,r.html#Ri-Hou1
李堪,r.html#Ri-Kan1
李蒙,r.html#Ri-Mou1
李立,r.html#Ri-Ritsu1
劉禕,r.html#Ryuu-I1
劉闡,r.html#Ryuu-Sen1
劉緯,r.html#Ryuu-I2
劉闡,r.html#Ryuu-Sen1
劉緯台,r.html#Ryuu-Idai1
柳隠,r.html#Ryuu-In1
劉焉,shu1.html#Ryuu-En
劉琰,shu10.html#Ryuu-En
劉何,r.html#Ryuu-Ka1
劉璝,r.html#Ryuu-Kai1
劉括,r.html#Ryuu-Katsu1
劉琦,r.html#Ryuu-Ki1
柳毅,r.html#Ryuu-Ki2
劉勲,r.html#Ryuu-Kun
劉勲,r.html#Ryuu-Kun2
留賛,r.html#Ryuu-San
劉子璜,r.html#Ryuu-Shikou1
劉勲,r.html#Ryuu-Kun2
劉修,r.html#Ryuu-Shuu
劉修,r.html#Ryuu-Shuu2
劉循,r.html#Ryuu-Jun1
劉脩,r.html#Ryuu-Shuu3
劉循,r.html#Ryuu-Jun1
劉循,r.html#Ryuu-Jun1
劉璋,shu1.html#Ryuu-Shou
劉先,r.html#Ryuu-Sen2
劉闡,r.html#Ryuu-Sen1
劉琮,r.html#Ryuu-Sou
劉岱,r.html#Ryuu-Tai2
劉昶,r.html#Ryuu-Chou1
劉展,r.html#Ryuu-Ten1
鄧展,t.html#Tou-Ten1
劉度,r.html#Ryuu-Do1
劉巴,shu9.html#Ryuu-Ha
劉敏,r.html#Ryuu-Bin1
劉馥,wei15.html#Ryuu-Fuku
柳甫,r.html#Ryuu-Ho1
柳浦,r.html#Ryuu-Ho2
柳甫,r.html#Ryuu-Ho1
劉封,shu10.html#Ryuu-Hou
劉翊,han.html#Ryuu-Yoku1
呂威璜,r.html#Ryo-Ikou1
廖化,r.html#Ryou-Ka1
梁岐,r.html#Ryou-Ki1
梁鵠,r.html#Ryou-Koku
梁習,wei15.html#Ryou-Shuu
廖淳,r.html#Ryou-Jun1
廖化,r.html#Ryou-Ka1
淩統,wu10.html#Ryou-Tou
廖敦,r.html#Ryou-Ton1
廖化,r.html#Ryou-Ka1
冷苞,r.html#Ryou-Hou1
梁孟星,r.html#Ryou-Mousei
梁鵠,r.html#Ryou-Koku
廖立,shu10.html#Ryou-Ritsu
呂介,r.html#Ryo-Kai1
呂公,r.html#Ryo-Kou1
呂乂,shu9.html#Ryo-Gai
呂凱,shu13.html#Ryo-Gai
呂義,r.html#Ryo-Gi1
呂乂,shu9.html#Ryo-Gai
呂君,r.html#Ryo-Kun1
呂虔,wei18.html#Ryo-Ken
呂建,r.html#Ryo-Ken1
呂公,r.html#Ryo-Kou1
呂曠,r.html#Ryo-Kou2
呂昭,r.html#Ryo-Shou
呂翔,r.html#Ryo-Shou1
呂納,r.html#Ryo-Nou1
呂布,r.html#Ryo-Fu1
綸直,r.html#Rin-Choku1
泠苞,r.html#Rei-Hou1
冷苞,r.html#Ryou-Hou1
婁圭,r.html#Rou-Kei
婁子伯,r.html#Rou-Shihaku1
婁圭,r.html#Rou-Kei
盧児,NA
尹礼,a.html#In-Rei
路招,r.html#Ro-Shou
路昭,r.html#Ro-Shou1
路招,r.html#Ro-Shou
盧植,han.html#Ro-Shoku
